longitude,latitude,temperature
114.48,34.23,4.08
114.58,34.23,4.1
114.68,34.23,4.13
114.78,34.23,4.15
114.88,34.23,4.18
114.98,34.23,4.2
115.08,34.23,4.22
115.18,34.23,4.24
115.28,34.23,4.25
115.38,34.23,4.25
115.49,34.23,4.25
115.59,34.23,4.25
115.69,34.23,4.24
115.79,34.23,4.22
115.89,34.23,4.2
115.99,34.23,4.19
116.09,34.23,4.17
116.19,34.23,4.16
116.29,34.23,4.16
116.39,34.23,4.17
116.49,34.23,4.19
116.59,34.23,4.22
116.69,34.23,4.26
116.79,34.23,4.32
116.89,34.23,4.39
116.99,34.23,4.47
117.09,34.23,4.56
117.19,34.23,4.66
117.29,34.23,4.75
117.39,34.23,4.85
117.5,34.23,4.94
117.6,34.23,5.01
117.7,34.23,5.08
117.8,34.23,5.13
117.9,34.23,5.17
118.0,34.23,5.19
118.1,34.23,5.2
118.2,34.23,5.19
118.3,34.23,5.17
118.4,34.23,5.13
118.5,34.23,5.09
118.6,34.23,5.03
118.7,34.23,4.98
118.8,34.23,4.92
118.9,34.23,4.86
119.0,34.23,4.81
119.1,34.23,4.76
119.2,34.23,4.71
119.3,34.23,4.66
119.4,34.23,4.61
119.51,34.23,4.57
119.61,34.23,4.52
119.71,34.23,4.47
119.81,34.23,4.42
119.91,34.23,4.37
120.01,34.23,4.32
120.11,34.23,4.28
120.21,34.23,4.23
120.31,34.23,4.19
120.41,34.23,4.15
120.51,34.23,4.12
120.61,34.23,4.1
120.71,34.23,4.07
120.81,34.23,4.06
120.91,34.23,4.04
121.01,34.23,4.03
121.11,34.23,4.02
121.21,34.23,4.02
121.31,34.23,4.01
121.41,34.23,4.01
121.52,34.23,4.01
121.62,34.23,4.01
121.72,34.23,4.0
121.82,34.23,4.0
121.92,34.23,4.0
122.02,34.23,4.0
122.12,34.23,4.0
122.22,34.23,4.0
122.32,34.23,4.0
122.42,34.23,4.0
114.48,34.31,4.1
114.58,34.31,4.13
114.68,34.31,4.15
114.78,34.31,4.18
114.88,34.31,4.21
114.98,34.31,4.24
115.08,34.31,4.27
115.18,34.31,4.29
115.28,34.31,4.3
115.38,34.31,4.31
115.49,34.31,4.31
115.59,34.31,4.3
115.69,34.31,4.29
115.79,34.31,4.27
115.89,34.31,4.24
115.99,34.31,4.22
116.09,34.31,4.2
116.19,34.31,4.18
116.29,34.31,4.18
116.39,34.31,4.18
116.49,34.31,4.2
116.59,34.31,4.23
116.69,34.31,4.28
116.79,34.31,4.35
116.89,34.31,4.43
116.99,34.31,4.52
117.09,34.31,4.62
117.19,34.31,4.73
117.29,34.31,4.84
117.39,34.31,4.95
117.5,34.31,5.05
117.6,34.31,5.15
117.7,34.31,5.23
117.8,34.31,5.29
117.9,34.31,5.34
118.0,34.31,5.37
118.1,34.31,5.38
118.2,34.31,5.38
118.3,34.31,5.35
118.4,34.31,5.32
118.5,34.31,5.27
118.6,34.31,5.22
118.7,34.31,5.16
118.8,34.31,5.1
118.9,34.31,5.03
119.0,34.31,4.97
119.1,34.31,4.92
119.2,34.31,4.86
119.3,34.31,4.81
119.4,34.31,4.75
119.51,34.31,4.7
119.61,34.31,4.65
119.71,34.31,4.59
119.81,34.31,4.53
119.91,34.31,4.47
120.01,34.31,4.41
120.11,34.31,4.35
120.21,34.31,4.29
120.31,34.31,4.24
120.41,34.31,4.2
120.51,34.31,4.16
120.61,34.31,4.12
120.71,34.31,4.1
120.81,34.31,4.07
120.91,34.31,4.05
121.01,34.31,4.04
121.11,34.31,4.03
121.21,34.31,4.02
121.31,34.31,4.02
121.41,34.31,4.01
121.52,34.31,4.01
121.62,34.31,4.01
121.72,34.31,4.0
121.82,34.31,4.0
121.92,34.31,4.0
122.02,34.31,4.0
122.12,34.31,4.0
122.22,34.31,4.0
122.32,34.31,4.0
122.42,34.31,4.0
114.48,34.39,4.12
114.58,34.39,4.15
114.68,34.39,4.18
114.78,34.39,4.22
114.88,34.39,4.26
114.98,34.39,4.29
115.08,34.39,4.32
115.18,34.39,4.34
115.28,34.39,4.36
115.38,34.39,4.37
115.49,34.39,4.37
115.59,34.39,4.36
115.69,34.39,4.34
115.79,34.39,4.31
115.89,34.39,4.28
115.99,34.39,4.25
116.09,34.39,4.23
116.19,34.39,4.2
116.29,34.39,4.19
116.39,34.39,4.19
116.49,34.39,4.21
116.59,34.39,4.24
116.69,34.39,4.29
116.79,34.39,4.36
116.89,34.39,4.45
116.99,34.39,4.55
117.09,34.39,4.66
117.19,34.39,4.79
117.29,34.39,4.91
117.39,34.39,5.04
117.5,34.39,5.16
117.6,34.39,5.27
117.7,34.39,5.37
117.8,34.39,5.45
117.9,34.39,5.51
118.0,34.39,5.55
118.1,34.39,5.57
118.2,34.39,5.57
118.3,34.39,5.55
118.4,34.39,5.51
118.5,34.39,5.47
118.6,34.39,5.41
118.7,34.39,5.35
118.8,34.39,5.28
118.9,34.39,5.22
119.0,34.39,5.16
119.1,34.39,5.09
119.2,34.39,5.04
119.3,34.39,4.98
119.4,34.39,4.92
119.51,34.39,4.86
119.61,34.39,4.79
119.71,34.39,4.72
119.81,34.39,4.65
119.91,34.39,4.58
120.01,34.39,4.51
120.11,34.39,4.44
120.21,34.39,4.37
120.31,34.39,4.3
120.41,34.39,4.25
120.51,34.39,4.2
120.61,34.39,4.16
120.71,34.39,4.12
120.81,34.39,4.09
120.91,34.39,4.07
121.01,34.39,4.05
121.11,34.39,4.04
121.21,34.39,4.03
121.31,34.39,4.02
121.41,34.39,4.02
121.52,34.39,4.01
121.62,34.39,4.01
121.72,34.39,4.01
121.82,34.39,4.0
121.92,34.39,4.0
122.02,34.39,4.0
122.12,34.39,4.0
122.22,34.39,4.0
122.32,34.39,4.0
122.42,34.39,4.0
114.48,34.47,4.14
114.58,34.47,4.18
114.68,34.47,4.22
114.78,34.47,4.26
114.88,34.47,4.3
114.98,34.47,4.34
115.08,34.47,4.38
115.18,34.47,4.41
115.28,34.47,4.43
115.38,34.47,4.43
115.49,34.47,4.43
115.59,34.47,4.42
115.69,34.47,4.4
115.79,34.47,4.36
115.89,34.47,4.33
115.99,34.47,4.29
116.09,34.47,4.25
116.19,34.47,4.22
116.29,34.47,4.2
116.39,34.47,4.19
116.49,34.47,4.21
116.59,34.47,4.24
116.69,34.47,4.29
116.79,34.47,4.36
116.89,34.47,4.45
116.99,34.47,4.56
117.09,34.47,4.69
117.19,34.47,4.82
117.29,34.47,4.97
117.39,34.47,5.11
117.5,34.47,5.25
117.6,34.47,5.38
117.7,34.47,5.49
117.8,34.47,5.59
117.9,34.47,5.66
118.0,34.47,5.71
118.1,34.47,5.74
118.2,34.47,5.75
118.3,34.47,5.74
118.4,34.47,5.71
118.5,34.47,5.66
118.6,34.47,5.61
118.7,34.47,5.55
118.8,34.47,5.48
118.9,34.47,5.41
119.0,34.47,5.35
119.1,34.47,5.29
119.2,34.47,5.23
119.3,34.47,5.16
119.4,34.47,5.1
119.51,34.47,5.03
119.61,34.47,4.96
119.71,34.47,4.88
119.81,34.47,4.79
119.91,34.47,4.71
120.01,34.47,4.62
120.11,34.47,4.54
120.21,34.47,4.45
120.31,34.47,4.38
120.41,34.47,4.31
120.51,34.47,4.25
120.61,34.47,4.2
120.71,34.47,4.15
120.81,34.47,4.12
120.91,34.47,4.09
121.01,34.47,4.07
121.11,34.47,4.05
121.21,34.47,4.04
121.31,34.47,4.03
121.41,34.47,4.02
121.52,34.47,4.01
121.62,34.47,4.01
121.72,34.47,4.01
121.82,34.47,4.01
121.92,34.47,4.0
122.02,34.47,4.0
122.12,34.47,4.0
122.22,34.47,4.0
122.32,34.47,4.0
122.42,34.47,4.0
114.48,34.55,4.16
114.58,34.55,4.21
114.68,34.55,4.25
114.78,34.55,4.3
114.88,34.55,4.35
114.98,34.55,4.4
115.08,34.55,4.44
115.18,34.55,4.47
115.28,34.55,4.49
115.38,34.55,4.5
115.49,34.55,4.5
115.59,34.55,4.48
115.69,34.55,4.45
115.79,34.55,4.41
115.89,34.55,4.37
115.99,34.55,4.32
116.09,34.55,4.27
116.19,34.55,4.23
116.29,34.55,4.2
116.39,34.55,4.18
116.49,34.55,4.19
116.59,34.55,4.21
116.69,34.55,4.26
116.79,34.55,4.34
116.89,34.55,4.43
116.99,34.55,4.55
117.09,34.55,4.69
117.19,34.55,4.84
117.29,34.55,5.0
117.39,34.55,5.16
117.5,34.55,5.31
117.6,34.55,5.46
117.7,34.55,5.59
117.8,34.55,5.71
117.9,34.55,5.8
118.0,34.55,5.87
118.1,34.55,5.91
118.2,34.55,5.93
118.3,34.55,5.92
118.4,34.55,5.9
118.5,34.55,5.86
118.6,34.55,5.81
118.7,34.55,5.75
118.8,34.55,5.68
118.9,34.55,5.62
119.0,34.55,5.55
119.1,34.55,5.49
119.2,34.55,5.43
119.3,34.55,5.36
119.4,34.55,5.3
119.51,34.55,5.22
119.61,34.55,5.14
119.71,34.55,5.05
119.81,34.55,4.95
119.91,34.55,4.85
120.01,34.55,4.75
120.11,34.55,4.65
120.21,34.55,4.55
120.31,34.55,4.46
120.41,34.55,4.38
120.51,34.55,4.31
120.61,34.55,4.24
120.71,34.55,4.19
120.81,34.55,4.15
120.91,34.55,4.11
121.01,34.55,4.08
121.11,34.55,4.06
121.21,34.55,4.05
121.31,34.55,4.03
121.41,34.55,4.02
121.52,34.55,4.02
121.62,34.55,4.01
121.72,34.55,4.01
121.82,34.55,4.01
121.92,34.55,4.01
122.02,34.55,4.0
122.12,34.55,4.0
122.22,34.55,4.0
122.32,34.55,4.0
122.42,34.55,4.0
114.48,34.63,4.19
114.58,34.63,4.23
114.68,34.63,4.29
114.78,34.63,4.34
114.88,34.63,4.4
114.98,34.63,4.45
115.08,34.63,4.5
115.18,34.63,4.54
115.28,34.63,4.56
115.38,34.63,4.57
115.49,34.63,4.57
115.59,34.63,4.55
115.69,34.63,4.51
115.79,34.63,4.46
115.89,34.63,4.4
115.99,34.63,4.34
116.09,34.63,4.28
116.19,34.63,4.23
116.29,34.63,4.18
116.39,34.63,4.16
116.49,34.63,4.15
116.59,34.63,4.17
116.69,34.63,4.21
116.79,34.63,4.29
116.89,34.63,4.38
116.99,34.63,4.51
117.09,34.63,4.65
117.19,34.63,4.82
117.29,34.63,4.99
117.39,34.63,5.17
117.5,34.63,5.34
117.6,34.63,5.51
117.7,34.63,5.67
117.8,34.63,5.8
117.9,34.63,5.91
118.0,34.63,6.0
118.1,34.63,6.05
118.2,34.63,6.08
118.3,34.63,6.09
118.4,34.63,6.07
118.5,34.63,6.04
118.6,34.63,6.0
118.7,34.63,5.94
118.8,34.63,5.88
118.9,34.63,5.82
119.0,34.63,5.76
119.1,34.63,5.7
119.2,34.63,5.64
119.3,34.63,5.58
119.4,34.63,5.51
119.51,34.63,5.42
119.61,34.63,5.34
119.71,34.63,5.24
119.81,34.63,5.13
119.91,34.63,5.01
120.01,34.63,4.89
120.11,34.63,4.78
120.21,34.63,4.66
120.31,34.63,4.55
120.41,34.63,4.46
120.51,34.63,4.37
120.61,34.63,4.3
120.71,34.63,4.23
120.81,34.63,4.18
120.91,34.63,4.14
121.01,34.63,4.11
121.11,34.63,4.08
121.21,34.63,4.06
121.31,34.63,4.04
121.41,34.63,4.03
121.52,34.63,4.02
121.62,34.63,4.02
121.72,34.63,4.01
121.82,34.63,4.01
121.92,34.63,4.01
122.02,34.63,4.0
122.12,34.63,4.0
122.22,34.63,4.0
122.32,34.63,4.0
122.42,34.63,4.0
114.48,34.71,4.21
114.58,34.71,4.26
114.68,34.71,4.32
114.78,34.71,4.39
114.88,34.71,4.45
114.98,34.71,4.51
115.08,34.71,4.56
115.18,34.71,4.6
115.28,34.71,4.63
115.38,34.71,4.64
115.49,34.71,4.63
115.59,34.71,4.61
115.69,34.71,4.56
115.79,34.71,4.5
115.89,34.71,4.43
115.99,34.71,4.36
116.09,34.71,4.28
116.19,34.71,4.21
116.29,34.71,4.15
116.39,34.71,4.11
116.49,34.71,4.09
116.59,34.71,4.1
116.69,34.71,4.13
116.79,34.71,4.2
116.89,34.71,4.3
116.99,34.71,4.43
117.09,34.71,4.58
117.19,34.71,4.75
117.29,34.71,4.94
117.39,34.71,5.14
117.5,34.71,5.34
117.6,34.71,5.52
117.7,34.71,5.7
117.8,34.71,5.86
117.9,34.71,5.99
118.0,34.71,6.09
118.1,34.71,6.17
118.2,34.71,6.21
118.3,34.71,6.23
118.4,34.71,6.23
118.5,34.71,6.21
118.6,34.71,6.17
118.7,34.71,6.12
118.8,34.71,6.07
118.9,34.71,6.02
119.0,34.71,5.97
119.1,34.71,5.91
119.2,34.71,5.86
119.3,34.71,5.79
119.4,34.71,5.72
119.51,34.71,5.64
119.61,34.71,5.54
119.71,34.71,5.43
119.81,34.71,5.31
119.91,34.71,5.18
120.01,34.71,5.05
120.11,34.71,4.91
120.21,34.71,4.78
120.31,34.71,4.66
120.41,34.71,4.55
120.51,34.71,4.45
120.61,34.71,4.36
120.71,34.71,4.28
120.81,34.71,4.22
120.91,34.71,4.17
121.01,34.71,4.13
121.11,34.71,4.1
121.21,34.71,4.07
121.31,34.71,4.05
121.41,34.71,4.04
121.52,34.71,4.03
121.62,34.71,4.02
121.72,34.71,4.01
121.82,34.71,4.01
121.92,34.71,4.01
122.02,34.71,4.01
122.12,34.71,4.0
122.22,34.71,4.0
122.32,34.71,4.0
122.42,34.71,4.0
114.48,34.79,4.23
114.58,34.79,4.29
114.68,34.79,4.36
114.78,34.79,4.43
114.88,34.79,4.5
114.98,34.79,4.56
115.08,34.79,4.62
115.18,34.79,4.67
115.28,34.79,4.7
115.38,34.79,4.71
115.49,34.79,4.7
115.59,34.79,4.66
115.69,34.79,4.61
115.79,34.79,4.54
115.89,34.79,4.46
115.99,34.79,4.36
116.09,34.79,4.27
116.19,34.79,4.18
116.29,34.79,4.1
116.39,34.79,4.04
116.49,34.79,4.0
116.59,34.79,3.99
116.69,34.79,4.02
116.79,34.79,4.08
116.89,34.79,4.17
116.99,34.79,4.3
117.09,34.79,4.46
117.19,34.79,4.64
117.29,34.79,4.85
117.39,34.79,5.06
117.5,34.79,5.28
117.6,34.79,5.49
117.7,34.79,5.69
117.8,34.79,5.87
117.9,34.79,6.02
118.0,34.79,6.15
118.1,34.79,6.24
118.2,34.79,6.31
118.3,34.79,6.34
118.4,34.79,6.35
118.5,34.79,6.35
118.6,34.79,6.32
118.7,34.79,6.29
118.8,34.79,6.25
118.9,34.79,6.21
119.0,34.79,6.16
119.1,34.79,6.12
119.2,34.79,6.07
119.3,34.79,6.01
119.4,34.79,5.94
119.51,34.79,5.85
119.61,34.79,5.75
119.71,34.79,5.63
119.81,34.79,5.5
119.91,34.79,5.36
120.01,34.79,5.21
120.11,34.79,5.06
120.21,34.79,4.91
120.31,34.79,4.77
120.41,34.79,4.64
120.51,34.79,4.53
120.61,34.79,4.43
120.71,34.79,4.34
120.81,34.79,4.27
120.91,34.79,4.21
121.01,34.79,4.16
121.11,34.79,4.12
121.21,34.79,4.09
121.31,34.79,4.07
121.41,34.79,4.05
121.52,34.79,4.04
121.62,34.79,4.03
121.72,34.79,4.02
121.82,34.79,4.01
121.92,34.79,4.01
122.02,34.79,4.01
122.12,34.79,4.0
122.22,34.79,4.0
122.32,34.79,4.0
122.42,34.79,4.0
114.48,34.87,4.25
114.58,34.87,4.32
114.68,34.87,4.39
114.78,34.87,4.46
114.88,34.87,4.54
114.98,34.87,4.61
115.08,34.87,4.68
115.18,34.87,4.73
115.28,34.87,4.76
115.38,34.87,4.77
115.49,34.87,4.75
115.59,34.87,4.71
115.69,34.87,4.65
115.79,34.87,4.57
115.89,34.87,4.46
115.99,34.87,4.35
116.09,34.87,4.24
116.19,34.87,4.12
116.29,34.87,4.02
116.39,34.87,3.94
116.49,34.87,3.88
116.59,34.87,3.85
116.69,34.87,3.86
116.79,34.87,3.91
116.89,34.87,4.0
116.99,34.87,4.13
117.09,34.87,4.29
117.19,34.87,4.48
117.29,34.87,4.7
117.39,34.87,4.93
117.5,34.87,5.17
117.6,34.87,5.4
117.7,34.87,5.62
117.8,34.87,5.83
117.9,34.87,6.01
118.0,34.87,6.15
118.1,34.87,6.27
118.2,34.87,6.36
118.3,34.87,6.41
118.4,34.87,6.44
118.5,34.87,6.45
118.6,34.87,6.44
118.7,34.87,6.42
118.8,34.87,6.4
118.9,34.87,6.37
119.0,34.87,6.34
119.1,34.87,6.31
119.2,34.87,6.27
119.3,34.87,6.22
119.4,34.87,6.15
119.51,34.87,6.07
119.61,34.87,5.96
119.71,34.87,5.84
119.81,34.87,5.7
119.91,34.87,5.54
120.01,34.87,5.38
120.11,34.87,5.21
120.21,34.87,5.05
120.31,34.87,4.89
120.41,34.87,4.75
120.51,34.87,4.62
120.61,34.87,4.5
120.71,34.87,4.4
120.81,34.87,4.32
120.91,34.87,4.25
121.01,34.87,4.19
121.11,34.87,4.15
121.21,34.87,4.11
121.31,34.87,4.08
121.41,34.87,4.06
121.52,34.87,4.04
121.62,34.87,4.03
121.72,34.87,4.02
121.82,34.87,4.02
121.92,34.87,4.01
122.02,34.87,4.01
122.12,34.87,4.01
122.22,34.87,4.0
122.32,34.87,4.0
122.42,34.87,4.0
114.48,34.95,4.27
114.58,34.95,4.34
114.68,34.95,4.42
114.78,34.95,4.5
114.88,34.95,4.58
114.98,34.95,4.66
115.08,34.95,4.73
115.18,34.95,4.78
115.28,34.95,4.81
115.38,34.95,4.82
115.49,34.95,4.8
115.59,34.95,4.75
115.69,34.95,4.68
115.79,34.95,4.58
115.89,34.95,4.46
115.99,34.95,4.32
116.09,34.95,4.18
116.19,34.95,4.05
116.29,34.95,3.92
116.39,34.95,3.81
116.49,34.95,3.73
116.59,34.95,3.68
116.69,34.95,3.67
116.79,34.95,3.7
116.89,34.95,3.78
116.99,34.95,3.9
117.09,34.95,4.07
117.19,34.95,4.26
117.29,34.95,4.49
117.39,34.95,4.74
117.5,34.95,5.0
117.6,34.95,5.25
117.7,34.95,5.5
117.8,34.95,5.73
117.9,34.95,5.93
118.0,34.95,6.11
118.1,34.95,6.25
118.2,34.95,6.36
118.3,34.95,6.44
118.4,34.95,6.49
118.5,34.95,6.51
118.6,34.95,6.52
118.7,34.95,6.52
118.8,34.95,6.52
118.9,34.95,6.51
119.0,34.95,6.49
119.1,34.95,6.47
119.2,34.95,6.45
119.3,34.95,6.41
119.4,34.95,6.35
119.51,34.95,6.27
119.61,34.95,6.16
119.71,34.95,6.03
119.81,34.95,5.89
119.91,34.95,5.72
120.01,34.95,5.55
120.11,34.95,5.37
120.21,34.95,5.19
120.31,34.95,5.02
120.41,34.95,4.86
120.51,34.95,4.71
120.61,34.95,4.59
120.71,34.95,4.47
120.81,34.95,4.38
120.91,34.95,4.3
121.01,34.95,4.23
121.11,34.95,4.18
121.21,34.95,4.14
121.31,34.95,4.1
121.41,34.95,4.07
121.52,34.95,4.05
121.62,34.95,4.04
121.72,34.95,4.03
121.82,34.95,4.02
121.92,34.95,4.01
122.02,34.95,4.01
122.12,34.95,4.01
122.22,34.95,4.01
122.32,34.95,4.0
122.42,34.95,4.0
114.48,35.03,4.29
114.58,35.03,4.36
114.68,35.03,4.44
114.78,35.03,4.53
114.88,35.03,4.61
114.98,35.03,4.7
115.08,35.03,4.77
115.18,35.03,4.82
115.28,35.03,4.86
115.38,35.03,4.86
115.49,35.03,4.84
115.59,35.03,4.78
115.69,35.03,4.69
115.79,35.03,4.58
115.89,35.03,4.44
115.99,35.03,4.28
116.09,35.03,4.11
116.19,35.03,3.94
116.29,35.03,3.78
116.39,35.03,3.64
116.49,35.03,3.53
116.59,35.03,3.46
116.69,35.03,3.43
116.79,35.03,3.44
116.89,35.03,3.51
116.99,35.03,3.62
117.09,35.03,3.79
117.19,35.03,3.99
117.29,35.03,4.23
117.39,35.03,4.49
117.5,35.03,4.77
117.6,35.03,5.05
117.7,35.03,5.32
117.8,35.03,5.58
117.9,35.03,5.81
118.0,35.03,6.01
118.1,35.03,6.18
118.2,35.03,6.31
118.3,35.03,6.41
118.4,35.03,6.48
118.5,35.03,6.53
118.6,35.03,6.56
118.7,35.03,6.58
118.8,35.03,6.6
118.9,35.03,6.61
119.0,35.03,6.61
119.1,35.03,6.61
119.2,35.03,6.6
119.3,35.03,6.57
119.4,35.03,6.52
119.51,35.03,6.45
119.61,35.03,6.34
119.71,35.03,6.22
119.81,35.03,6.07
119.91,35.03,5.89
120.01,35.03,5.71
120.11,35.03,5.52
120.21,35.03,5.33
120.31,35.03,5.14
120.41,35.03,4.97
120.51,35.03,4.81
120.61,35.03,4.67
120.71,35.03,4.55
120.81,35.03,4.44
120.91,35.03,4.35
121.01,35.03,4.28
121.11,35.03,4.21
121.21,35.03,4.16
121.31,35.03,4.12
121.41,35.03,4.09
121.52,35.03,4.07
121.62,35.03,4.05
121.72,35.03,4.03
121.82,35.03,4.02
121.92,35.03,4.02
122.02,35.03,4.01
122.12,35.03,4.01
122.22,35.03,4.01
122.32,35.03,4.0
122.42,35.03,4.0
114.48,35.11,4.3
114.58,35.11,4.38
114.68,35.11,4.46
114.78,35.11,4.55
114.88,35.11,4.64
114.98,35.11,4.73
115.08,35.11,4.8
115.18,35.11,4.86
115.28,35.11,4.89
115.38,35.11,4.89
115.49,35.11,4.86
115.59,35.11,4.79
115.69,35.11,4.69
115.79,35.11,4.56
115.89,35.11,4.39
115.99,35.11,4.21
116.09,35.11,4.01
116.19,35.11,3.81
116.29,35.11,3.62
116.39,35.11,3.45
116.49,35.11,3.31
116.59,35.11,3.2
116.69,35.11,3.14
116.79,35.11,3.14
116.89,35.11,3.19
116.99,35.11,3.29
117.09,35.11,3.45
117.19,35.11,3.66
117.29,35.11,3.91
117.39,35.11,4.18
117.5,35.11,4.48
117.6,35.11,4.78
117.7,35.11,5.08
117.8,35.11,5.36
117.9,35.11,5.62
118.0,35.11,5.85
118.1,35.11,6.04
118.2,35.11,6.2
118.3,35.11,6.33
118.4,35.11,6.42
118.5,35.11,6.5
118.6,35.11,6.55
118.7,35.11,6.59
118.8,35.11,6.63
118.9,35.11,6.66
119.0,35.11,6.69
119.1,35.11,6.7
119.2,35.11,6.71
119.3,35.11,6.7
119.4,35.11,6.66
119.51,35.11,6.6
119.61,35.11,6.5
119.71,35.11,6.38
119.81,35.11,6.23
119.91,35.11,6.05
120.01,35.11,5.86
120.11,35.11,5.66
120.21,35.11,5.47
120.31,35.11,5.27
120.41,35.11,5.09
120.51,35.11,4.92
120.61,35.11,4.76
120.71,35.11,4.63
120.81,35.11,4.51
120.91,35.11,4.41
121.01,35.11,4.32
121.11,35.11,4.25
121.21,35.11,4.19
121.31,35.11,4.15
121.41,35.11,4.11
121.52,35.11,4.08
121.62,35.11,4.06
121.72,35.11,4.04
121.82,35.11,4.03
121.92,35.11,4.02
122.02,35.11,4.01
122.12,35.11,4.01
122.22,35.11,4.01
122.32,35.11,4.01
122.42,35.11,4.0
114.48,35.19,4.31
114.58,35.19,4.39
114.68,35.19,4.47
114.78,35.19,4.57
114.88,35.19,4.66
114.98,35.19,4.75
115.08,35.19,4.82
115.18,35.19,4.88
115.28,35.19,4.91
115.38,35.19,4.91
115.49,35.19,4.87
115.59,35.19,4.79
115.69,35.19,4.68
115.79,35.19,4.52
115.89,35.19,4.34
115.99,35.19,4.12
116.09,35.19,3.89
116.19,35.19,3.66
116.29,35.19,3.43
116.39,35.19,3.22
116.49,35.19,3.05
116.59,35.19,2.91
116.69,35.19,2.82
116.79,35.19,2.79
116.89,35.19,2.83
116.99,35.19,2.92
117.09,35.19,3.08
117.19,35.19,3.28
117.29,35.19,3.54
117.39,35.19,3.83
117.5,35.19,4.14
117.6,35.19,4.47
117.7,35.19,4.79
117.8,35.19,5.1
117.9,35.19,5.38
118.0,35.19,5.64
118.1,35.19,5.86
118.2,35.19,6.04
118.3,35.19,6.19
118.4,35.19,6.31
118.5,35.19,6.41
118.6,35.19,6.49
118.7,35.19,6.55
118.8,35.19,6.61
118.9,35.19,6.67
119.0,35.19,6.71
119.1,35.19,6.75
119.2,35.19,6.78
119.3,35.19,6.78
119.4,35.19,6.76
119.51,35.19,6.71
119.61,35.19,6.63
119.71,35.19,6.51
119.81,35.19,6.36
119.91,35.19,6.19
120.01,35.19,6.0
120.11,35.19,5.8
120.21,35.19,5.59
120.31,35.19,5.39
120.41,35.19,5.2
120.51,35.19,5.02
120.61,35.19,4.86
120.71,35.19,4.71
120.81,35.19,4.58
120.91,35.19,4.47
121.01,35.19,4.37
121.11,35.19,4.29
121.21,35.19,4.22
121.31,35.19,4.17
121.41,35.19,4.13
121.52,35.19,4.09
121.62,35.19,4.07
121.72,35.19,4.05
121.82,35.19,4.03
121.92,35.19,4.02
122.02,35.19,4.02
122.12,35.19,4.01
122.22,35.19,4.01
122.32,35.19,4.01
122.42,35.19,4.0
114.48,35.28,4.31
114.58,35.28,4.39
114.68,35.28,4.48
114.78,35.28,4.57
114.88,35.28,4.67
114.98,35.28,4.76
115.08,35.28,4.84
115.18,35.28,4.89
115.28,35.28,4.92
115.38,35.28,4.91
115.49,35.28,4.87
115.59,35.28,4.78
115.69,35.28,4.65
115.79,35.28,4.47
115.89,35.28,4.26
115.99,35.28,4.02
116.09,35.28,3.76
116.19,35.28,3.49
116.29,35.28,3.22
116.39,35.28,2.97
116.49,35.28,2.76
116.59,35.28,2.59
116.69,35.28,2.47
116.79,35.28,2.42
116.89,35.28,2.43
116.99,35.28,2.51
117.09,35.28,2.66
117.19,35.28,2.87
117.29,35.28,3.13
117.39,35.28,3.43
117.5,35.28,3.76
117.6,35.28,4.1
117.7,35.28,4.45
117.8,35.28,4.78
117.9,35.28,5.09
118.0,35.28,5.37
118.1,35.28,5.62
118.2,35.28,5.83
118.3,35.28,6.0
118.4,35.28,6.15
118.5,35.28,6.27
118.6,35.28,6.37
118.7,35.28,6.46
118.8,35.28,6.54
118.9,35.28,6.62
119.0,35.28,6.69
119.1,35.28,6.75
119.2,35.28,6.79
119.3,35.28,6.82
119.4,35.28,6.82
119.51,35.28,6.78
119.61,35.28,6.71
119.71,35.28,6.61
119.81,35.28,6.47
119.91,35.28,6.31
120.01,35.28,6.12
120.11,35.28,5.92
120.21,35.28,5.71
120.31,35.28,5.51
120.41,35.28,5.31
120.51,35.28,5.12
120.61,35.28,4.95
120.71,35.28,4.79
120.81,35.28,4.65
120.91,35.28,4.53
121.01,35.28,4.42
121.11,35.28,4.33
121.21,35.28,4.26
121.31,35.28,4.2
121.41,35.28,4.15
121.52,35.28,4.11
121.62,35.28,4.08
121.72,35.28,4.06
121.82,35.28,4.04
121.92,35.28,4.03
122.02,35.28,4.02
122.12,35.28,4.01
122.22,35.28,4.01
122.32,35.28,4.01
122.42,35.28,4.01
114.48,35.36,4.31
114.58,35.36,4.39
114.68,35.36,4.48
114.78,35.36,4.58
114.88,35.36,4.67
114.98,35.36,4.76
115.08,35.36,4.84
115.18,35.36,4.89
115.28,35.36,4.92
115.38,35.36,4.91
115.49,35.36,4.85
115.59,35.36,4.75
115.69,35.36,4.6
115.79,35.36,4.41
115.89,35.36,4.17
115.99,35.36,3.9
116.09,35.36,3.6
116.19,35.36,3.29
116.29,35.36,2.99
116.39,35.36,2.71
116.49,35.36,2.45
116.59,35.36,2.25
116.69,35.36,2.1
116.79,35.36,2.03
116.89,35.36,2.02
116.99,35.36,2.09
117.09,35.36,2.23
117.19,35.36,2.44
117.29,35.36,2.7
117.39,35.36,3.01
117.5,35.36,3.35
117.6,35.36,3.71
117.7,35.36,4.07
117.8,35.36,4.42
117.9,35.36,4.75
118.0,35.36,5.06
118.1,35.36,5.33
118.2,35.36,5.56
118.3,35.36,5.76
118.4,35.36,5.93
118.5,35.36,6.07
118.6,35.36,6.19
118.7,35.36,6.31
118.8,35.36,6.41
118.9,35.36,6.51
119.0,35.36,6.6
119.1,35.36,6.69
119.2,35.36,6.76
119.3,35.36,6.8
119.4,35.36,6.82
119.51,35.36,6.81
119.61,35.36,6.75
119.71,35.36,6.67
119.81,35.36,6.54
119.91,35.36,6.39
120.01,35.36,6.21
120.11,35.36,6.02
120.21,35.36,5.81
120.31,35.36,5.61
120.41,35.36,5.41
120.51,35.36,5.22
120.61,35.36,5.04
120.71,35.36,4.87
120.81,35.36,4.72
120.91,35.36,4.59
121.01,35.36,4.48
121.11,35.36,4.38
121.21,35.36,4.29
121.31,35.36,4.23
121.41,35.36,4.17
121.52,35.36,4.13
121.62,35.36,4.09
121.72,35.36,4.07
121.82,35.36,4.05
121.92,35.36,4.03
122.02,35.36,4.02
122.12,35.36,4.02
122.22,35.36,4.01
122.32,35.36,4.01
122.42,35.36,4.01
114.48,35.44,4.3
114.58,35.44,4.39
114.68,35.44,4.47
114.78,35.44,4.57
114.88,35.44,4.66
114.98,35.44,4.75
115.08,35.44,4.83
115.18,35.44,4.88
115.28,35.44,4.91
115.38,35.44,4.89
115.49,35.44,4.83
115.59,35.44,4.72
115.69,35.44,4.55
115.79,35.44,4.33
115.89,35.44,4.07
115.99,35.44,3.77
116.09,35.44,3.44
116.19,35.44,3.09
116.29,35.44,2.75
116.39,35.44,2.43
116.49,35.44,2.14
116.59,35.44,1.91
116.69,35.44,1.73
116.79,35.44,1.63
116.89,35.44,1.61
116.99,35.44,1.66
117.09,35.44,1.79
117.19,35.44,2.0
117.29,35.44,2.26
117.39,35.44,2.58
117.5,35.44,2.93
117.6,35.44,3.29
117.7,35.44,3.67
117.8,35.44,4.04
117.9,35.44,4.39
118.0,35.44,4.71
118.1,35.44,5.0
118.2,35.44,5.25
118.3,35.44,5.47
118.4,35.44,5.66
118.5,35.44,5.82
118.6,35.44,5.97
118.7,35.44,6.1
118.8,35.44,6.23
118.9,35.44,6.35
119.0,35.44,6.46
119.1,35.44,6.57
119.2,35.44,6.66
119.3,35.44,6.73
119.4,35.44,6.77
119.51,35.44,6.78
119.61,35.44,6.75
119.71,35.44,6.68
119.81,35.44,6.57
119.91,35.44,6.44
120.01,35.44,6.27
120.11,35.44,6.09
120.21,35.44,5.9
120.31,35.44,5.7
120.41,35.44,5.5
120.51,35.44,5.31
120.61,35.44,5.12
120.71,35.44,4.95
120.81,35.44,4.8
120.91,35.44,4.65
121.01,35.44,4.53
121.11,35.44,4.42
121.21,35.44,4.33
121.31,35.44,4.25
121.41,35.44,4.19
121.52,35.44,4.14
121.62,35.44,4.1
121.72,35.44,4.08
121.82,35.44,4.05
121.92,35.44,4.04
122.02,35.44,4.03
122.12,35.44,4.02
122.22,35.44,4.01
122.32,35.44,4.01
122.42,35.44,4.01
114.48,35.52,4.3
114.58,35.52,4.38
114.68,35.52,4.46
114.78,35.52,4.56
114.88,35.52,4.65
114.98,35.52,4.74
115.08,35.52,4.81
115.18,35.52,4.87
115.28,35.52,4.89
115.38,35.52,4.86
115.49,35.52,4.79
115.59,35.52,4.67
115.69,35.52,4.49
115.79,35.52,4.25
115.89,35.52,3.96
115.99,35.52,3.63
116.09,35.52,3.27
116.19,35.52,2.89
116.29,35.52,2.52
116.39,35.52,2.16
116.49,35.52,1.84
116.59,35.52,1.58
116.69,35.52,1.38
116.79,35.52,1.26
116.89,35.52,1.21
116.99,35.52,1.26
117.09,35.52,1.38
117.19,35.52,1.58
117.29,35.52,1.84
117.39,35.52,2.15
117.5,35.52,2.5
117.6,35.52,2.88
117.7,35.52,3.26
117.8,35.52,3.64
117.9,35.52,4.0
118.0,35.52,4.33
118.1,35.52,4.63
118.2,35.52,4.9
118.3,35.52,5.14
118.4,35.52,5.35
118.5,35.52,5.53
118.6,35.52,5.7
118.7,35.52,5.85
118.8,35.52,5.99
118.9,35.52,6.13
119.0,35.52,6.27
119.1,35.52,6.4
119.2,35.52,6.51
119.3,35.52,6.6
119.4,35.52,6.66
119.51,35.52,6.69
119.61,35.52,6.69
119.71,35.52,6.64
119.81,35.52,6.56
119.91,35.52,6.45
120.01,35.52,6.3
120.11,35.52,6.14
120.21,35.52,5.96
120.31,35.52,5.77
120.41,35.52,5.57
120.51,35.52,5.38
120.61,35.52,5.2
120.71,35.52,5.02
120.81,35.52,4.86
120.91,35.52,4.71
121.01,35.52,4.58
121.11,35.52,4.47
121.21,35.52,4.37
121.31,35.52,4.28
121.41,35.52,4.22
121.52,35.52,4.16
121.62,35.52,4.12
121.72,35.52,4.09
121.82,35.52,4.06
121.92,35.52,4.04
122.02,35.52,4.03
122.12,35.52,4.02
122.22,35.52,4.02
122.32,35.52,4.01
122.42,35.52,4.01
114.48,35.6,4.29
114.58,35.6,4.36
114.68,35.6,4.45
114.78,35.6,4.54
114.88,35.6,4.63
114.98,35.6,4.72
115.08,35.6,4.79
115.18,35.6,4.84
115.28,35.6,4.86
115.38,35.6,4.83
115.49,35.6,4.75
115.59,35.6,4.62
115.69,35.6,4.42
115.79,35.6,4.16
115.89,35.6,3.85
115.99,35.6,3.49
116.09,35.6,3.1
116.19,35.6,2.7
116.29,35.6,2.29
116.39,35.6,1.91
116.49,35.6,1.57
116.59,35.6,1.28
116.69,35.6,1.06
116.79,35.6,0.92
116.89,35.6,0.87
116.99,35.6,0.9
117.09,35.6,1.01
117.19,35.6,1.2
117.29,35.6,1.45
117.39,35.6,1.76
117.5,35.6,2.1
117.6,35.6,2.47
117.7,35.6,2.85
117.8,35.6,3.23
117.9,35.6,3.59
118.0,35.6,3.93
118.1,35.6,4.25
118.2,35.6,4.53
118.3,35.6,4.78
118.4,35.6,5.0
118.5,35.6,5.2
118.6,35.6,5.38
118.7,35.6,5.55
118.8,35.6,5.71
118.9,35.6,5.87
119.0,35.6,6.02
119.1,35.6,6.17
119.2,35.6,6.3
119.3,35.6,6.41
119.4,35.6,6.5
119.51,35.6,6.56
119.61,35.6,6.58
119.71,35.6,6.56
119.81,35.6,6.51
119.91,35.6,6.42
120.01,35.6,6.3
120.11,35.6,6.15
120.21,35.6,5.99
120.31,35.6,5.82
120.41,35.6,5.63
120.51,35.6,5.45
120.61,35.6,5.26
120.71,35.6,5.09
120.81,35.6,4.92
120.91,35.6,4.77
121.01,35.6,4.63
121.11,35.6,4.51
121.21,35.6,4.4
121.31,35.6,4.31
121.41,35.6,4.24
121.52,35.6,4.18
121.62,35.6,4.13
121.72,35.6,4.1
121.82,35.6,4.07
121.92,35.6,4.05
122.02,35.6,4.04
122.12,35.6,4.03
122.22,35.6,4.02
122.32,35.6,4.02
122.42,35.6,4.01
114.48,35.68,4.27
114.58,35.68,4.35
114.68,35.68,4.43
114.78,35.68,4.52
114.88,35.68,4.61
114.98,35.68,4.69
115.08,35.68,4.76
115.18,35.68,4.81
115.28,35.68,4.82
115.38,35.68,4.79
115.49,35.68,4.71
115.59,35.68,4.56
115.69,35.68,4.35
115.79,35.68,4.08
115.89,35.68,3.75
115.99,35.68,3.37
116.09,35.68,2.96
116.19,35.68,2.53
116.29,35.68,2.1
116.39,35.68,1.69
116.49,35.68,1.33
116.59,35.68,1.03
116.69,35.68,0.8
116.79,35.68,0.65
116.89,35.68,0.58
116.99,35.68,0.6
117.09,35.68,0.71
117.19,35.68,0.88
117.29,35.68,1.12
117.39,35.68,1.41
117.5,35.68,1.75
117.6,35.68,2.1
117.7,35.68,2.47
117.8,35.68,2.84
117.9,35.68,3.19
118.0,35.68,3.53
118.1,35.68,3.84
118.2,35.68,4.13
118.3,35.68,4.39
118.4,35.68,4.62
118.5,35.68,4.83
118.6,35.68,5.03
118.7,35.68,5.21
118.8,35.68,5.39
118.9,35.68,5.56
119.0,35.68,5.73
119.1,35.68,5.89
119.2,35.68,6.04
119.3,35.68,6.18
119.4,35.68,6.29
119.51,35.68,6.37
119.61,35.68,6.42
119.71,35.68,6.43
119.81,35.68,6.41
119.91,35.68,6.35
120.01,35.68,6.26
120.11,35.68,6.14
120.21,35.68,6.0
120.31,35.68,5.84
120.41,35.68,5.67
120.51,35.68,5.5
120.61,35.68,5.32
120.71,35.68,5.14
120.81,35.68,4.97
120.91,35.68,4.82
121.01,35.68,4.67
121.11,35.68,4.54
121.21,35.68,4.43
121.31,35.68,4.34
121.41,35.68,4.26
121.52,35.68,4.2
121.62,35.68,4.15
121.72,35.68,4.11
121.82,35.68,4.08
121.92,35.68,4.06
122.02,35.68,4.04
122.12,35.68,4.03
122.22,35.68,4.03
122.32,35.68,4.02
122.42,35.68,4.02
114.48,35.76,4.26
114.58,35.76,4.33
114.68,35.76,4.41
114.78,35.76,4.5
114.88,35.76,4.58
114.98,35.76,4.67
115.08,35.76,4.73
115.18,35.76,4.78
115.28,35.76,4.79
115.38,35.76,4.75
115.49,35.76,4.66
115.59,35.76,4.51
115.69,35.76,4.29
115.79,35.76,4.0
115.89,35.76,3.66
115.99,35.76,3.26
116.09,35.76,2.83
116.19,35.76,2.39
116.29,35.76,1.95
116.39,35.76,1.53
116.49,35.76,1.16
116.59,35.76,0.85
116.69,35.76,0.61
116.79,35.76,0.46
116.89,35.76,0.39
116.99,35.76,0.4
117.09,35.76,0.49
117.19,35.76,0.65
117.29,35.76,0.87
117.39,35.76,1.14
117.5,35.76,1.45
117.6,35.76,1.78
117.7,35.76,2.12
117.8,35.76,2.46
117.9,35.76,2.8
118.0,35.76,3.13
118.1,35.76,3.43
118.2,35.76,3.72
118.3,35.76,3.98
118.4,35.76,4.22
118.5,35.76,4.44
118.6,35.76,4.64
118.7,35.76,4.84
118.8,35.76,5.03
118.9,35.76,5.22
119.0,35.76,5.4
119.1,35.76,5.57
119.2,35.76,5.74
119.3,35.76,5.9
119.4,35.76,6.03
119.51,35.76,6.14
119.61,35.76,6.22
119.71,35.76,6.26
119.81,35.76,6.27
119.91,35.76,6.25
120.01,35.76,6.19
120.11,35.76,6.1
120.21,35.76,5.98
120.31,35.76,5.84
120.41,35.76,5.69
120.51,35.76,5.52
120.61,35.76,5.35
120.71,35.76,5.18
120.81,35.76,5.02
120.91,35.76,4.86
121.01,35.76,4.71
121.11,35.76,4.58
121.21,35.76,4.46
121.31,35.76,4.36
121.41,35.76,4.28
121.52,35.76,4.21
121.62,35.76,4.16
121.72,35.76,4.12
121.82,35.76,4.09
121.92,35.76,4.07
122.02,35.76,4.05
122.12,35.76,4.04
122.22,35.76,4.03
122.32,35.76,4.03
122.42,35.76,4.02
114.48,35.84,4.24
114.58,35.84,4.31
114.68,35.84,4.39
114.78,35.84,4.47
114.88,35.84,4.56
114.98,35.84,4.63
115.08,35.84,4.7
115.18,35.84,4.74
115.28,35.84,4.75
115.38,35.84,4.71
115.49,35.84,4.62
115.59,35.84,4.46
115.69,35.84,4.23
115.79,35.84,3.94
115.89,35.84,3.58
115.99,35.84,3.18
116.09,35.84,2.74
116.19,35.84,2.29
116.29,35.84,1.84
116.39,35.84,1.43
116.49,35.84,1.06
116.59,35.84,0.75
116.69,35.84,0.52
116.79,35.84,0.37
116.89,35.84,0.3
116.99,35.84,0.31
117.09,35.84,0.38
117.19,35.84,0.52
117.29,35.84,0.72
117.39,35.84,0.95
117.5,35.84,1.22
117.6,35.84,1.51
117.7,35.84,1.81
117.8,35.84,2.12
117.9,35.84,2.43
118.0,35.84,2.73
118.1,35.84,3.03
118.2,35.84,3.3
118.3,35.84,3.56
118.4,35.84,3.8
118.5,35.84,4.03
118.6,35.84,4.25
118.7,35.84,4.45
118.8,35.84,4.65
118.9,35.84,4.85
119.0,35.84,5.04
119.1,35.84,5.23
119.2,35.84,5.41
119.3,35.84,5.58
119.4,35.84,5.74
119.51,35.84,5.88
119.61,35.84,5.98
119.71,35.84,6.06
119.81,35.84,6.1
119.91,35.84,6.11
120.01,35.84,6.08
120.11,35.84,6.02
120.21,35.84,5.93
120.31,35.84,5.82
120.41,35.84,5.68
120.51,35.84,5.53
120.61,35.84,5.37
120.71,35.84,5.21
120.81,35.84,5.04
120.91,35.84,4.89
121.01,35.84,4.74
121.11,35.84,4.6
121.21,35.84,4.48
121.31,35.84,4.38
121.41,35.84,4.3
121.52,35.84,4.23
121.62,35.84,4.17
121.72,35.84,4.13
121.82,35.84,4.1
121.92,35.84,4.08
122.02,35.84,4.06
122.12,35.84,4.05
122.22,35.84,4.04
122.32,35.84,4.04
122.42,35.84,4.03
114.48,35.92,4.23
114.58,35.92,4.29
114.68,35.92,4.36
114.78,35.92,4.44
114.88,35.92,4.53
114.98,35.92,4.6
115.08,35.92,4.67
115.18,35.92,4.71
115.28,35.92,4.71
115.38,35.92,4.67
115.49,35.92,4.57
115.59,35.92,4.41
115.69,35.92,4.18
115.79,35.92,3.88
115.89,35.92,3.52
115.99,35.92,3.12
116.09,35.92,2.68
116.19,35.92,2.23
116.29,35.92,1.8
116.39,35.92,1.39
116.49,35.92,1.04
116.59,35.92,0.75
116.69,35.92,0.54
116.79,35.92,0.4
116.89,35.92,0.33
116.99,35.92,0.34
117.09,35.92,0.4
117.19,35.92,0.51
117.29,35.92,0.67
117.39,35.92,0.85
117.5,35.92,1.07
117.6,35.92,1.31
117.7,35.92,1.56
117.8,35.92,1.82
117.9,35.92,2.09
118.0,35.92,2.36
118.1,35.92,2.63
118.2,35.92,2.89
118.3,35.92,3.14
118.4,35.92,3.38
118.5,35.92,3.62
118.6,35.92,3.84
118.7,35.92,4.05
118.8,35.92,4.26
118.9,35.92,4.46
119.0,35.92,4.67
119.1,35.92,4.87
119.2,35.92,5.06
119.3,35.92,5.25
119.4,35.92,5.43
119.51,35.92,5.58
119.61,35.92,5.72
119.71,35.92,5.83
119.81,35.92,5.9
119.91,35.92,5.94
120.01,35.92,5.95
120.11,35.92,5.92
120.21,35.92,5.86
120.31,35.92,5.77
120.41,35.92,5.66
120.51,35.92,5.52
120.61,35.92,5.38
120.71,35.92,5.22
120.81,35.92,5.06
120.91,35.92,4.9
121.01,35.92,4.76
121.11,35.92,4.62
121.21,35.92,4.5
121.31,35.92,4.4
121.41,35.92,4.31
121.52,35.92,4.24
121.62,35.92,4.19
121.72,35.92,4.15
121.82,35.92,4.12
121.92,35.92,4.09
122.02,35.92,4.08
122.12,35.92,4.06
122.22,35.92,4.06
122.32,35.92,4.05
122.42,35.92,4.04
114.48,36.0,4.21
114.58,36.0,4.27
114.68,36.0,4.34
114.78,36.0,4.42
114.88,36.0,4.5
114.98,36.0,4.57
115.08,36.0,4.63
115.18,36.0,4.67
115.28,36.0,4.67
115.38,36.0,4.63
115.49,36.0,4.53
115.59,36.0,4.37
115.69,36.0,4.14
115.79,36.0,3.84
115.89,36.0,3.49
115.99,36.0,3.09
116.09,36.0,2.66
116.19,36.0,2.23
116.29,36.0,1.82
116.39,36.0,1.44
116.49,36.0,1.12
116.59,36.0,0.86
116.69,36.0,0.67
116.79,36.0,0.55
116.89,36.0,0.49
116.99,36.0,0.49
117.09,36.0,0.54
117.19,36.0,0.62
117.29,36.0,0.73
117.39,36.0,0.86
117.5,36.0,1.01
117.6,36.0,1.17
117.7,36.0,1.36
117.8,36.0,1.56
117.9,36.0,1.77
118.0,36.0,2.0
118.1,36.0,2.24
118.2,36.0,2.48
118.3,36.0,2.73
118.4,36.0,2.97
118.5,36.0,3.2
118.6,36.0,3.43
118.7,36.0,3.65
118.8,36.0,3.87
118.9,36.0,4.08
119.0,36.0,4.29
119.1,36.0,4.5
119.2,36.0,4.7
119.3,36.0,4.91
119.4,36.0,5.1
119.51,36.0,5.28
119.61,36.0,5.44
119.71,36.0,5.57
119.81,36.0,5.68
119.91,36.0,5.75
120.01,36.0,5.79
120.11,36.0,5.8
120.21,36.0,5.77
120.31,36.0,5.7
120.41,36.0,5.61
120.51,36.0,5.49
120.61,36.0,5.36
120.71,36.0,5.21
120.81,36.0,5.06
120.91,36.0,4.91
121.01,36.0,4.77
121.11,36.0,4.64
121.21,36.0,4.52
121.31,36.0,4.41
121.41,36.0,4.33
121.52,36.0,4.26
121.62,36.0,4.21
121.72,36.0,4.16
121.82,36.0,4.13
121.92,36.0,4.11
122.02,36.0,4.09
122.12,36.0,4.08
122.22,36.0,4.07
122.32,36.0,4.06
122.42,36.0,4.05
114.48,36.08,4.19
114.58,36.08,4.25
114.68,36.08,4.32
114.78,36.08,4.39
114.88,36.08,4.47
114.98,36.08,4.54
115.08,36.08,4.6
115.18,36.08,4.63
115.28,36.08,4.63
115.38,36.08,4.59
115.49,36.08,4.49
115.59,36.08,4.33
115.69,36.08,4.1
115.79,36.08,3.81
115.89,36.08,3.47
115.99,36.08,3.09
116.09,36.08,2.68
116.19,36.08,2.28
116.29,36.08,1.9
116.39,36.08,1.56
116.49,36.08,1.28
116.59,36.08,1.06
116.69,36.08,0.91
116.79,36.08,0.82
116.89,36.08,0.78
116.99,36.08,0.77
117.09,36.08,0.8
117.19,36.08,0.84
117.29,36.08,0.89
117.39,36.08,0.95
117.5,36.08,1.02
117.6,36.08,1.11
117.7,36.08,1.21
117.8,36.08,1.34
117.9,36.08,1.49
118.0,36.08,1.67
118.1,36.08,1.87
118.2,36.08,2.09
118.3,36.08,2.32
118.4,36.08,2.56
118.5,36.08,2.8
118.6,36.08,3.04
118.7,36.08,3.27
118.8,36.08,3.49
118.9,36.08,3.71
119.0,36.08,3.93
119.1,36.08,4.14
119.2,36.08,4.35
119.3,36.08,4.56
119.4,36.08,4.77
119.51,36.08,4.97
119.61,36.08,5.15
119.71,36.08,5.31
119.81,36.08,5.44
119.91,36.08,5.55
120.01,36.08,5.62
120.11,36.08,5.65
120.21,36.08,5.65
120.31,36.08,5.61
120.41,36.08,5.54
120.51,36.08,5.44
120.61,36.08,5.32
120.71,36.08,5.19
120.81,36.08,5.05
120.91,36.08,4.91
121.01,36.08,4.77
121.11,36.08,4.64
121.21,36.08,4.53
121.31,36.08,4.43
121.41,36.08,4.34
121.52,36.08,4.28
121.62,36.08,4.22
121.72,36.08,4.18
121.82,36.08,4.15
121.92,36.08,4.13
122.02,36.08,4.11
122.12,36.08,4.1
122.22,36.08,4.09
122.32,36.08,4.08
122.42,36.08,4.07
114.48,36.16,4.18
114.58,36.16,4.23
114.68,36.16,4.3
114.78,36.16,4.36
114.88,36.16,4.44
114.98,36.16,4.5
115.08,36.16,4.56
115.18,36.16,4.59
115.28,36.16,4.59
115.38,36.16,4.55
115.49,36.16,4.45
115.59,36.16,4.29
115.69,36.16,4.07
115.79,36.16,3.8
115.89,36.16,3.47
115.99,36.16,3.11
116.09,36.16,2.74
116.19,36.16,2.37
116.29,36.16,2.04
116.39,36.16,1.75
116.49,36.16,1.52
116.59,36.16,1.36
116.69,36.16,1.25
116.79,36.16,1.19
116.89,36.16,1.17
116.99,36.16,1.17
117.09,36.16,1.17
117.19,36.16,1.16
117.29,36.16,1.15
117.39,36.16,1.13
117.5,36.16,1.11
117.6,36.16,1.1
117.7,36.16,1.11
117.8,36.16,1.15
117.9,36.16,1.23
118.0,36.16,1.35
118.1,36.16,1.51
118.2,36.16,1.71
118.3,36.16,1.93
118.4,36.16,2.17
118.5,36.16,2.42
118.6,36.16,2.67
118.7,36.16,2.91
118.8,36.16,3.14
118.9,36.16,3.37
119.0,36.16,3.59
119.1,36.16,3.81
119.2,36.16,4.03
119.3,36.16,4.24
119.4,36.16,4.46
119.51,36.16,4.67
119.61,36.16,4.86
119.71,36.16,5.05
119.81,36.16,5.2
119.91,36.16,5.34
120.01,36.16,5.43
120.11,36.16,5.49
120.21,36.16,5.52
120.31,36.16,5.5
120.41,36.16,5.45
120.51,36.16,5.38
120.61,36.16,5.27
120.71,36.16,5.15
120.81,36.16,5.02
120.91,36.16,4.89
121.01,36.16,4.76
121.11,36.16,4.64
121.21,36.16,4.53
121.31,36.16,4.43
121.41,36.16,4.35
121.52,36.16,4.29
121.62,36.16,4.24
121.72,36.16,4.2
121.82,36.16,4.17
121.92,36.16,4.15
122.02,36.16,4.14
122.12,36.16,4.12
122.22,36.16,4.11
122.32,36.16,4.1
122.42,36.16,4.09
114.48,36.24,4.16
114.58,36.24,4.21
114.68,36.24,4.27
114.78,36.24,4.34
114.88,36.24,4.4
114.98,36.24,4.47
115.08,36.24,4.52
115.18,36.24,4.55
115.28,36.24,4.55
115.38,36.24,4.51
115.49,36.24,4.41
115.59,36.24,4.26
115.69,36.24,4.05
115.79,36.24,3.78
115.89,36.24,3.48
115.99,36.24,3.15
116.09,36.24,2.82
116.19,36.24,2.5
116.29,36.24,2.22
116.39,36.24,2.0
116.49,36.24,1.83
116.59,36.24,1.73
116.69,36.24,1.68
116.79,36.24,1.66
116.89,36.24,1.65
116.99,36.24,1.65
117.09,36.24,1.62
117.19,36.24,1.57
117.29,36.24,1.48
117.39,36.24,1.37
117.5,36.24,1.25
117.6,36.24,1.14
117.7,36.24,1.04
117.8,36.24,0.99
117.9,36.24,0.99
118.0,36.24,1.06
118.1,36.24,1.18
118.2,36.24,1.35
118.3,36.24,1.57
118.4,36.24,1.81
118.5,36.24,2.07
118.6,36.24,2.33
118.7,36.24,2.58
118.8,36.24,2.83
118.9,36.24,3.07
119.0,36.24,3.29
119.1,36.24,3.51
119.2,36.24,3.73
119.3,36.24,3.95
119.4,36.24,4.17
119.51,36.24,4.39
119.61,36.24,4.6
119.71,36.24,4.79
119.81,36.24,4.97
119.91,36.24,5.12
120.01,36.24,5.24
120.11,36.24,5.33
120.21,36.24,5.37
120.31,36.24,5.38
120.41,36.24,5.35
120.51,36.24,5.29
120.61,36.24,5.21
120.71,36.24,5.1
120.81,36.24,4.99
120.91,36.24,4.86
121.01,36.24,4.74
121.11,36.24,4.63
121.21,36.24,4.53
121.31,36.24,4.44
121.41,36.24,4.37
121.52,36.24,4.31
121.62,36.24,4.26
121.72,36.24,4.23
121.82,36.24,4.2
121.92,36.24,4.18
122.02,36.24,4.17
122.12,36.24,4.15
122.22,36.24,4.14
122.32,36.24,4.13
122.42,36.24,4.12
114.48,36.32,4.15
114.58,36.32,4.2
114.68,36.32,4.25
114.78,36.32,4.31
114.88,36.32,4.37
114.98,36.32,4.43
115.08,36.32,4.48
115.18,36.32,4.51
115.28,36.32,4.5
115.38,36.32,4.46
115.49,36.32,4.36
115.59,36.32,4.22
115.69,36.32,4.02
115.79,36.32,3.77
115.89,36.32,3.5
115.99,36.32,3.2
116.09,36.32,2.92
116.19,36.32,2.66
116.29,36.32,2.44
116.39,36.32,2.29
116.49,36.32,2.19
116.59,36.32,2.16
116.69,36.32,2.16
116.79,36.32,2.18
116.89,36.32,2.2
116.99,36.32,2.19
117.09,36.32,2.14
117.19,36.32,2.03
117.29,36.32,1.87
117.39,36.32,1.66
117.5,36.32,1.43
117.6,36.32,1.2
117.7,36.32,1.0
117.8,36.32,0.85
117.9,36.32,0.78
118.0,36.32,0.78
118.1,36.32,0.86
118.2,36.32,1.01
118.3,36.32,1.23
118.4,36.32,1.48
118.5,36.32,1.75
118.6,36.32,2.04
118.7,36.32,2.31
118.8,36.32,2.57
118.9,36.32,2.82
119.0,36.32,3.05
119.1,36.32,3.27
119.2,36.32,3.49
119.3,36.32,3.7
119.4,36.32,3.92
119.51,36.32,4.14
119.61,36.32,4.35
119.71,36.32,4.56
119.81,36.32,4.75
119.91,36.32,4.92
120.01,36.32,5.05
120.11,36.32,5.16
120.21,36.32,5.22
120.31,36.32,5.25
120.41,36.32,5.24
120.51,36.32,5.2
120.61,36.32,5.13
120.71,36.32,5.04
120.81,36.32,4.94
120.91,36.32,4.83
121.01,36.32,4.72
121.11,36.32,4.62
121.21,36.32,4.52
121.31,36.32,4.45
121.41,36.32,4.38
121.52,36.32,4.33
121.62,36.32,4.29
121.72,36.32,4.26
121.82,36.32,4.23
121.92,36.32,4.22
122.02,36.32,4.2
122.12,36.32,4.19
122.22,36.32,4.18
122.32,36.32,4.16
122.42,36.32,4.15
114.48,36.4,4.13
114.58,36.4,4.18
114.68,36.4,4.23
114.78,36.4,4.28
114.88,36.4,4.34
114.98,36.4,4.39
115.08,36.4,4.43
115.18,36.4,4.45
115.28,36.4,4.45
115.38,36.4,4.4
115.49,36.4,4.31
115.59,36.4,4.17
115.69,36.4,3.98
115.79,36.4,3.76
115.89,36.4,3.51
115.99,36.4,3.25
116.09,36.4,3.02
116.19,36.4,2.82
116.29,36.4,2.67
116.39,36.4,2.59
116.49,36.4,2.58
116.59,36.4,2.61
116.69,36.4,2.67
116.79,36.4,2.74
116.89,36.4,2.78
116.99,36.4,2.77
117.09,36.4,2.68
117.19,36.4,2.51
117.29,36.4,2.26
117.39,36.4,1.96
117.5,36.4,1.62
117.6,36.4,1.27
117.7,36.4,0.96
117.8,36.4,0.72
117.9,36.4,0.57
118.0,36.4,0.51
118.1,36.4,0.56
118.2,36.4,0.7
118.3,36.4,0.92
118.4,36.4,1.19
118.5,36.4,1.49
118.6,36.4,1.8
118.7,36.4,2.09
118.8,36.4,2.37
118.9,36.4,2.63
119.0,36.4,2.87
119.1,36.4,3.09
119.2,36.4,3.3
119.3,36.4,3.51
119.4,36.4,3.72
119.51,36.4,3.93
119.61,36.4,4.14
119.71,36.4,4.35
119.81,36.4,4.55
119.91,36.4,4.72
120.01,36.4,4.87
120.11,36.4,4.99
120.21,36.4,5.07
120.31,36.4,5.12
120.41,36.4,5.12
120.51,36.4,5.1
120.61,36.4,5.04
120.71,36.4,4.97
120.81,36.4,4.88
120.91,36.4,4.79
121.01,36.4,4.69
121.11,36.4,4.6
121.21,36.4,4.52
121.31,36.4,4.45
121.41,36.4,4.39
121.52,36.4,4.35
121.62,36.4,4.32
121.72,36.4,4.29
121.82,36.4,4.27
121.92,36.4,4.26
122.02,36.4,4.25
122.12,36.4,4.23
122.22,36.4,4.22
122.32,36.4,4.2
122.42,36.4,4.19
114.48,36.48,4.12
114.58,36.48,4.16
114.68,36.48,4.2
114.78,36.48,4.25
114.88,36.48,4.3
114.98,36.48,4.35
115.08,36.48,4.38
115.18,36.48,4.4
115.28,36.48,4.38
115.38,36.48,4.33
115.49,36.48,4.24
115.59,36.48,4.11
115.69,36.48,3.93
115.79,36.48,3.73
115.89,36.48,3.51
115.99,36.48,3.3
116.09,36.48,3.11
116.19,36.48,2.97
116.29,36.48,2.9
116.39,36.48,2.9
116.49,36.48,2.96
116.59,36.48,3.06
116.69,36.48,3.18
116.79,36.48,3.29
116.89,36.48,3.35
116.99,36.48,3.33
117.09,36.48,3.21
117.19,36.48,2.98
117.29,36.48,2.65
117.39,36.48,2.24
117.5,36.48,1.79
117.6,36.48,1.33
117.7,36.48,0.92
117.8,36.48,0.59
117.9,36.48,0.36
118.0,36.48,0.26
118.1,36.48,0.28
118.2,36.48,0.42
118.3,36.48,0.65
118.4,36.48,0.95
118.5,36.48,1.28
118.6,36.48,1.62
118.7,36.48,1.94
118.8,36.48,2.25
118.9,36.48,2.52
119.0,36.48,2.76
119.1,36.48,2.97
119.2,36.48,3.18
119.3,36.48,3.37
119.4,36.48,3.57
119.51,36.48,3.77
119.61,36.48,3.97
119.71,36.48,4.18
119.81,36.48,4.37
119.91,36.48,4.55
120.01,36.48,4.7
120.11,36.48,4.83
120.21,36.48,4.92
120.31,36.48,4.98
120.41,36.48,5.0
120.51,36.48,4.99
120.61,36.48,4.95
120.71,36.48,4.89
120.81,36.48,4.82
120.91,36.48,4.74
121.01,36.48,4.66
121.11,36.48,4.58
121.21,36.48,4.51
121.31,36.48,4.46
121.41,36.48,4.41
121.52,36.48,4.37
121.62,36.48,4.35
121.72,36.48,4.33
121.82,36.48,4.32
121.92,36.48,4.31
122.02,36.48,4.3
122.12,36.48,4.28
122.22,36.48,4.27
122.32,36.48,4.25
122.42,36.48,4.23
114.48,36.56,4.11
114.58,36.56,4.14
114.68,36.56,4.18
114.78,36.56,4.22
114.88,36.56,4.26
114.98,36.56,4.3
115.08,36.56,4.33
115.18,36.56,4.33
115.28,36.56,4.31
115.38,36.56,4.25
115.49,36.56,4.16
115.59,36.56,4.03
115.69,36.56,3.86
115.79,36.56,3.68
115.89,36.56,3.49
115.99,36.56,3.31
116.09,36.56,3.18
116.19,36.56,3.11
116.29,36.56,3.1
116.39,36.56,3.17
116.49,36.56,3.3
116.59,36.56,3.48
116.69,36.56,3.66
116.79,36.56,3.8
116.89,36.56,3.88
116.99,36.56,3.85
117.09,36.56,3.69
117.19,36.56,3.4
117.29,36.56,2.99
117.39,36.56,2.48
117.5,36.56,1.93
117.6,36.56,1.37
117.7,36.56,0.86
117.8,36.56,0.44
117.9,36.56,0.15
118.0,36.56,0.01
118.1,36.56,0.02
118.2,36.56,0.17
118.3,36.56,0.42
118.4,36.56,0.76
118.5,36.56,1.13
118.6,36.56,1.51
118.7,36.56,1.87
118.8,36.56,2.2
118.9,36.56,2.48
119.0,36.56,2.72
119.1,36.56,2.94
119.2,36.56,3.13
119.3,36.56,3.31
119.4,36.56,3.48
119.51,36.56,3.67
119.61,36.56,3.85
119.71,36.56,4.04
119.81,36.56,4.23
119.91,36.56,4.4
120.01,36.56,4.55
120.11,36.56,4.68
120.21,36.56,4.78
120.31,36.56,4.85
120.41,36.56,4.88
120.51,36.56,4.88
120.61,36.56,4.86
120.71,36.56,4.81
120.81,36.56,4.76
120.91,36.56,4.69
121.01,36.56,4.62
121.11,36.56,4.56
121.21,36.56,4.51
121.31,36.56,4.46
121.41,36.56,4.43
121.52,36.56,4.4
121.62,36.56,4.39
121.72,36.56,4.38
121.82,36.56,4.37
121.92,36.56,4.36
122.02,36.56,4.35
122.12,36.56,4.34
122.22,36.56,4.33
122.32,36.56,4.31
122.42,36.56,4.28
114.48,36.64,4.09
114.58,36.64,4.12
114.68,36.64,4.15
114.78,36.64,4.19
114.88,36.64,4.22
114.98,36.64,4.25
115.08,36.64,4.27
115.18,36.64,4.26
115.28,36.64,4.23
115.38,36.64,4.16
115.49,36.64,4.06
115.59,36.64,3.93
115.69,36.64,3.77
115.79,36.64,3.6
115.89,36.64,3.44
115.99,36.64,3.3
116.09,36.64,3.22
116.19,36.64,3.2
116.29,36.64,3.26
116.39,36.64,3.4
116.49,36.64,3.6
116.59,36.64,3.83
116.69,36.64,4.06
116.79,36.64,4.24
116.89,36.64,4.33
116.99,36.64,4.29
117.09,36.64,4.1
117.19,36.64,3.75
117.29,36.64,3.26
117.39,36.64,2.67
117.5,36.64,2.01
117.6,36.64,1.36
117.7,36.64,0.76
117.8,36.64,0.28
117.9,36.64,-0.06
118.0,36.64,-0.22
118.1,36.64,-0.21
118.2,36.64,-0.05
118.3,36.64,0.24
118.4,36.64,0.62
118.5,36.64,1.04
118.6,36.64,1.47
118.7,36.64,1.87
118.8,36.64,2.22
118.9,36.64,2.52
119.0,36.64,2.77
119.1,36.64,2.97
119.2,36.64,3.15
119.3,36.64,3.31
119.4,36.64,3.46
119.51,36.64,3.61
119.61,36.64,3.78
119.71,36.64,3.95
119.81,36.64,4.12
119.91,36.64,4.28
120.01,36.64,4.43
120.11,36.64,4.55
120.21,36.64,4.65
120.31,36.64,4.72
120.41,36.64,4.76
120.51,36.64,4.78
120.61,36.64,4.76
120.71,36.64,4.73
120.81,36.64,4.69
120.91,36.64,4.64
121.01,36.64,4.59
121.11,36.64,4.54
121.21,36.64,4.5
121.31,36.64,4.47
121.41,36.64,4.45
121.52,36.64,4.44
121.62,36.64,4.43
121.72,36.64,4.43
121.82,36.64,4.43
121.92,36.64,4.42
122.02,36.64,4.42
122.12,36.64,4.41
122.22,36.64,4.39
122.32,36.64,4.36
122.42,36.64,4.34
114.48,36.72,4.08
114.58,36.72,4.1
114.68,36.72,4.13
114.78,36.72,4.16
114.88,36.72,4.18
114.98,36.72,4.2
115.08,36.72,4.2
115.18,36.72,4.18
115.28,36.72,4.14
115.38,36.72,4.06
115.49,36.72,3.95
115.59,36.72,3.82
115.69,36.72,3.66
115.79,36.72,3.5
115.89,36.72,3.36
115.99,36.72,3.26
116.09,36.72,3.21
116.19,36.72,3.25
116.29,36.72,3.36
116.39,36.72,3.56
116.49,36.72,3.82
116.59,36.72,4.1
116.69,36.72,4.38
116.79,36.72,4.58
116.89,36.72,4.68
116.99,36.72,4.63
117.09,36.72,4.4
117.19,36.72,4.0
117.29,36.72,3.44
117.39,36.72,2.77
117.5,36.72,2.03
117.6,36.72,1.3
117.7,36.72,0.63
117.8,36.72,0.1
117.9,36.72,-0.27
118.0,36.72,-0.44
118.1,36.72,-0.42
118.2,36.72,-0.22
118.3,36.72,0.12
118.4,36.72,0.55
118.5,36.72,1.03
118.6,36.72,1.51
118.7,36.72,1.95
118.8,36.72,2.33
118.9,36.72,2.65
119.0,36.72,2.9
119.1,36.72,3.09
119.2,36.72,3.24
119.3,36.72,3.37
119.4,36.72,3.49
119.51,36.72,3.62
119.61,36.72,3.75
119.71,36.72,3.89
119.81,36.72,4.04
119.91,36.72,4.18
120.01,36.72,4.32
120.11,36.72,4.44
120.21,36.72,4.54
120.31,36.72,4.61
120.41,36.72,4.66
120.51,36.72,4.68
120.61,36.72,4.68
120.71,36.72,4.66
120.81,36.72,4.63
120.91,36.72,4.6
121.01,36.72,4.56
121.11,36.72,4.53
121.21,36.72,4.5
121.31,36.72,4.49
121.41,36.72,4.48
121.52,36.72,4.48
121.62,36.72,4.48
121.72,36.72,4.49
121.82,36.72,4.49
121.92,36.72,4.49
122.02,36.72,4.49
122.12,36.72,4.48
122.22,36.72,4.46
122.32,36.72,4.43
122.42,36.72,4.4
114.48,36.8,4.06
114.58,36.8,4.08
114.68,36.8,4.1
114.78,36.8,4.12
114.88,36.8,4.13
114.98,36.8,4.14
115.08,36.8,4.13
115.18,36.8,4.09
115.28,36.8,4.04
115.38,36.8,3.95
115.49,36.8,3.83
115.59,36.8,3.69
115.69,36.8,3.53
115.79,36.8,3.38
115.89,36.8,3.25
115.99,36.8,3.17
116.09,36.8,3.16
116.19,36.8,3.23
116.29,36.8,3.4
116.39,36.8,3.64
116.49,36.8,3.95
116.59,36.8,4.28
116.69,36.8,4.58
116.79,36.8,4.81
116.89,36.8,4.91
116.99,36.8,4.84
117.09,36.8,4.59
117.19,36.8,4.14
117.29,36.8,3.52
117.39,36.8,2.78
117.5,36.8,1.98
117.6,36.8,1.18
117.7,36.8,0.47
117.8,36.8,-0.1
117.9,36.8,-0.48
118.0,36.8,-0.64
118.1,36.8,-0.59
118.2,36.8,-0.35
118.3,36.8,0.05
118.4,36.8,0.54
118.5,36.8,1.08
118.6,36.8,1.61
118.7,36.8,2.1
118.8,36.8,2.52
118.9,36.8,2.85
119.0,36.8,3.09
119.1,36.8,3.27
119.2,36.8,3.4
119.3,36.8,3.5
119.4,36.8,3.59
119.51,36.8,3.67
119.61,36.8,3.77
119.71,36.8,3.88
119.81,36.8,4.0
119.91,36.8,4.12
120.01,36.8,4.24
120.11,36.8,4.35
120.21,36.8,4.44
120.31,36.8,4.51
120.41,36.8,4.56
120.51,36.8,4.58
120.61,36.8,4.59
120.71,36.8,4.59
120.81,36.8,4.57
120.91,36.8,4.55
121.01,36.8,4.53
121.11,36.8,4.52
121.21,36.8,4.51
121.31,36.8,4.5
121.41,36.8,4.51
121.52,36.8,4.52
121.62,36.8,4.53
121.72,36.8,4.55
121.82,36.8,4.56
121.92,36.8,4.56
122.02,36.8,4.56
122.12,36.8,4.55
122.22,36.8,4.53
122.32,36.8,4.5
122.42,36.8,4.46
114.48,36.88,4.05
114.58,36.88,4.06
114.68,36.88,4.08
114.78,36.88,4.09
114.88,36.88,4.09
114.98,36.88,4.08
115.08,36.88,4.05
115.18,36.88,4.0
115.28,36.88,3.93
115.38,36.88,3.82
115.49,36.88,3.69
115.59,36.88,3.54
115.69,36.88,3.38
115.79,36.88,3.23
115.89,36.88,3.11
115.99,36.88,3.05
116.09,36.88,3.06
116.19,36.88,3.16
116.29,36.88,3.36
116.39,36.88,3.64
116.49,36.88,3.98
116.59,36.88,4.34
116.69,36.88,4.67
116.79,36.88,4.91
116.89,36.88,5.01
116.99,36.88,4.93
117.09,36.88,4.65
117.19,36.88,4.16
117.29,36.88,3.5
117.39,36.88,2.71
117.5,36.88,1.86
117.6,36.88,1.02
117.7,36.88,0.28
117.8,36.88,-0.3
117.9,36.88,-0.67
118.0,36.88,-0.81
118.1,36.88,-0.72
118.2,36.88,-0.42
118.3,36.88,0.04
118.4,36.88,0.6
118.5,36.88,1.2
118.6,36.88,1.79
118.7,36.88,2.32
118.8,36.88,2.77
118.9,36.88,3.11
119.0,36.88,3.35
119.1,36.88,3.52
119.2,36.88,3.62
119.3,36.88,3.68
119.4,36.88,3.73
119.51,36.88,3.77
119.61,36.88,3.83
119.71,36.88,3.9
119.81,36.88,3.99
119.91,36.88,4.08
120.01,36.88,4.18
120.11,36.88,4.27
120.21,36.88,4.36
120.31,36.88,4.42
120.41,36.88,4.47
120.51,36.88,4.5
120.61,36.88,4.52
120.71,36.88,4.52
120.81,36.88,4.52
120.91,36.88,4.51
121.01,36.88,4.51
121.11,36.88,4.51
121.21,36.88,4.51
121.31,36.88,4.52
121.41,36.88,4.54
121.52,36.88,4.56
121.62,36.88,4.59
121.72,36.88,4.61
121.82,36.88,4.63
121.92,36.88,4.64
122.02,36.88,4.64
122.12,36.88,4.63
122.22,36.88,4.6
122.32,36.88,4.57
122.42,36.88,4.52
114.48,36.96,4.04
114.58,36.96,4.04
114.68,36.96,4.05
114.78,36.96,4.05
114.88,36.96,4.04
114.98,36.96,4.02
115.08,36.96,3.98
115.18,36.96,3.91
115.28,36.96,3.82
115.38,36.96,3.7
115.49,36.96,3.55
115.59,36.96,3.39
115.69,36.96,3.22
115.79,36.96,3.06
115.89,36.96,2.95
115.99,36.96,2.89
116.09,36.96,2.92
116.19,36.96,3.04
116.29,36.96,3.26
116.39,36.96,3.57
116.49,36.96,3.93
116.59,36.96,4.31
116.69,36.96,4.64
116.79,36.96,4.89
116.89,36.96,4.98
116.99,36.96,4.89
117.09,36.96,4.59
117.19,36.96,4.07
117.29,36.96,3.38
117.39,36.96,2.56
117.5,36.96,1.68
117.6,36.96,0.83
117.7,36.96,0.08
117.8,36.96,-0.5
117.9,36.96,-0.85
118.0,36.96,-0.95
118.1,36.96,-0.8
118.2,36.96,-0.44
118.3,36.96,0.09
118.4,36.96,0.72
118.5,36.96,1.39
118.6,36.96,2.03
118.7,36.96,2.6
118.8,36.96,3.07
118.9,36.96,3.43
119.0,36.96,3.66
119.1,36.96,3.81
119.2,36.96,3.88
119.3,36.96,3.9
119.4,36.96,3.91
119.51,36.96,3.91
119.61,36.96,3.92
119.71,36.96,3.96
119.81,36.96,4.01
119.91,36.96,4.07
120.01,36.96,4.15
120.11,36.96,4.22
120.21,36.96,4.29
120.31,36.96,4.35
120.41,36.96,4.4
120.51,36.96,4.43
120.61,36.96,4.45
120.71,36.96,4.46
120.81,36.96,4.47
120.91,36.96,4.48
121.01,36.96,4.49
121.11,36.96,4.5
121.21,36.96,4.52
121.31,36.96,4.54
121.41,36.96,4.57
121.52,36.96,4.61
121.62,36.96,4.64
121.72,36.96,4.67
121.82,36.96,4.7
121.92,36.96,4.71
122.02,36.96,4.71
122.12,36.96,4.7
122.22,36.96,4.68
122.32,36.96,4.64
122.42,36.96,4.59
114.48,37.04,4.02
114.58,37.04,4.03
114.68,37.04,4.02
114.78,37.04,4.02
114.88,37.04,4.0
114.98,37.04,3.96
115.08,37.04,3.9
115.18,37.04,3.82
115.28,37.04,3.71
115.38,37.04,3.57
115.49,37.04,3.41
115.59,37.04,3.23
115.69,37.04,3.04
115.79,37.04,2.88
115.89,37.04,2.76
115.99,37.04,2.71
116.09,37.04,2.74
116.19,37.04,2.87
116.29,37.04,3.1
116.39,37.04,3.42
116.49,37.04,3.79
116.59,37.04,4.17
116.69,37.04,4.51
116.79,37.04,4.76
116.89,37.04,4.84
116.99,37.04,4.74
117.09,37.04,4.42
117.19,37.04,3.89
117.29,37.04,3.18
117.39,37.04,2.34
117.5,37.04,1.46
117.6,37.04,0.61
117.7,37.04,-0.13
117.8,37.04,-0.68
117.9,37.04,-0.99
118.0,37.04,-1.04
118.1,37.04,-0.83
118.2,37.04,-0.4
118.3,37.04,0.2
118.4,37.04,0.9
118.5,37.04,1.63
118.6,37.04,2.32
118.7,37.04,2.93
118.8,37.04,3.42
118.9,37.04,3.78
119.0,37.04,4.01
119.1,37.04,4.13
119.2,37.04,4.17
119.3,37.04,4.15
119.4,37.04,4.11
119.51,37.04,4.07
119.61,37.04,4.04
119.71,37.04,4.03
119.81,37.04,4.05
119.91,37.04,4.08
120.01,37.04,4.13
120.11,37.04,4.18
120.21,37.04,4.24
120.31,37.04,4.29
120.41,37.04,4.33
120.51,37.04,4.37
120.61,37.04,4.39
120.71,37.04,4.41
120.81,37.04,4.43
120.91,37.04,4.45
121.01,37.04,4.47
121.11,37.04,4.5
121.21,37.04,4.53
121.31,37.04,4.57
121.41,37.04,4.61
121.52,37.04,4.65
121.62,37.04,4.7
121.72,37.04,4.73
121.82,37.04,4.77
121.92,37.04,4.78
122.02,37.04,4.79
122.12,37.04,4.78
122.22,37.04,4.75
122.32,37.04,4.71
122.42,37.04,4.65
114.48,37.12,4.01
114.58,37.12,4.01
114.68,37.12,4.0
114.78,37.12,3.98
114.88,37.12,3.95
114.98,37.12,3.9
115.08,37.12,3.83
115.18,37.12,3.73
115.28,37.12,3.6
115.38,37.12,3.45
115.49,37.12,3.27
115.59,37.12,3.07
115.69,37.12,2.87
115.79,37.12,2.7
115.89,37.12,2.57
115.99,37.12,2.51
116.09,37.12,2.54
116.19,37.12,2.67
116.29,37.12,2.9
116.39,37.12,3.22
116.49,37.12,3.58
116.59,37.12,3.96
116.69,37.12,4.3
116.79,37.12,4.53
116.89,37.12,4.61
116.99,37.12,4.49
117.09,37.12,4.16
117.19,37.12,3.63
117.29,37.12,2.92
117.39,37.12,2.09
117.5,37.12,1.22
117.6,37.12,0.39
117.7,37.12,-0.32
117.8,37.12,-0.82
117.9,37.12,-1.08
118.0,37.12,-1.07
118.1,37.12,-0.8
118.2,37.12,-0.3
118.3,37.12,0.37
118.4,37.12,1.13
118.5,37.12,1.92
118.6,37.12,2.65
118.7,37.12,3.29
118.8,37.12,3.8
118.9,37.12,4.16
119.0,37.12,4.38
119.1,37.12,4.47
119.2,37.12,4.48
119.3,37.12,4.42
119.4,37.12,4.34
119.51,37.12,4.25
119.61,37.12,4.18
119.71,37.12,4.13
119.81,37.12,4.1
119.91,37.12,4.11
120.01,37.12,4.13
120.11,37.12,4.16
120.21,37.12,4.2
120.31,37.12,4.24
120.41,37.12,4.28
120.51,37.12,4.32
120.61,37.12,4.34
120.71,37.12,4.37
120.81,37.12,4.4
120.91,37.12,4.42
121.01,37.12,4.46
121.11,37.12,4.49
121.21,37.12,4.54
121.31,37.12,4.59
121.41,37.12,4.64
121.52,37.12,4.69
121.62,37.12,4.75
121.72,37.12,4.79
121.82,37.12,4.83
121.92,37.12,4.85
122.02,37.12,4.86
122.12,37.12,4.85
122.22,37.12,4.82
122.32,37.12,4.77
122.42,37.12,4.71
114.48,37.21,4.0
114.58,37.21,3.99
114.68,37.21,3.98
114.78,37.21,3.95
114.88,37.21,3.91
114.98,37.21,3.85
115.08,37.21,3.77
115.18,37.21,3.65
115.28,37.21,3.51
115.38,37.21,3.33
115.49,37.21,3.13
115.59,37.21,2.92
115.69,37.21,2.71
115.79,37.21,2.53
115.89,37.21,2.39
115.99,37.21,2.32
116.09,37.21,2.34
116.19,37.21,2.46
116.29,37.21,2.67
116.39,37.21,2.98
116.49,37.21,3.33
116.59,37.21,3.7
116.69,37.21,4.01
116.79,37.21,4.23
116.89,37.21,4.3
116.99,37.21,4.18
117.09,37.21,3.85
117.19,37.21,3.32
117.29,37.21,2.62
117.39,37.21,1.82
117.5,37.21,0.98
117.6,37.21,0.18
117.7,37.21,-0.47
117.8,37.21,-0.92
117.9,37.21,-1.12
118.0,37.21,-1.05
118.1,37.21,-0.71
118.2,37.21,-0.14
118.3,37.21,0.59
118.4,37.21,1.41
118.5,37.21,2.24
118.6,37.21,3.01
118.7,37.21,3.67
118.8,37.21,4.19
118.9,37.21,4.54
119.0,37.21,4.74
119.1,37.21,4.81
119.2,37.21,4.78
119.3,37.21,4.69
119.4,37.21,4.56
119.51,37.21,4.43
119.61,37.21,4.32
119.71,37.21,4.23
119.81,37.21,4.17
119.91,37.21,4.14
120.01,37.21,4.14
120.11,37.21,4.15
120.21,37.21,4.18
120.31,37.21,4.21
120.41,37.21,4.24
120.51,37.21,4.27
120.61,37.21,4.31
120.71,37.21,4.34
120.81,37.21,4.37
120.91,37.21,4.4
121.01,37.21,4.45
121.11,37.21,4.49
121.21,37.21,4.55
121.31,37.21,4.61
121.41,37.21,4.67
121.52,37.21,4.73
121.62,37.21,4.79
121.72,37.21,4.84
121.82,37.21,4.88
121.92,37.21,4.91
122.02,37.21,4.92
122.12,37.21,4.91
122.22,37.21,4.88
122.32,37.21,4.83
122.42,37.21,4.76
114.48,37.29,3.99
114.58,37.29,3.98
114.68,37.29,3.96
114.78,37.29,3.93
114.88,37.29,3.88
114.98,37.29,3.81
115.08,37.29,3.71
115.18,37.29,3.58
115.28,37.29,3.42
115.38,37.29,3.23
115.49,37.29,3.02
115.59,37.29,2.79
115.69,37.29,2.57
115.79,37.29,2.37
115.89,37.29,2.22
115.99,37.29,2.13
116.09,37.29,2.14
116.19,37.29,2.24
116.29,37.29,2.44
116.39,37.29,2.72
116.49,37.29,3.05
116.59,37.29,3.4
116.69,37.29,3.7
116.79,37.29,3.9
116.89,37.29,3.95
116.99,37.29,3.83
117.09,37.29,3.5
117.19,37.29,2.99
117.29,37.29,2.32
117.39,37.29,1.55
117.5,37.29,0.76
117.6,37.29,0.02
117.7,37.29,-0.58
117.8,37.29,-0.96
117.9,37.29,-1.1
118.0,37.29,-0.95
118.1,37.29,-0.55
118.2,37.29,0.07
118.3,37.29,0.85
118.4,37.29,1.72
118.5,37.29,2.58
118.6,37.29,3.38
118.7,37.29,4.05
118.8,37.29,4.57
118.9,37.29,4.91
119.0,37.29,5.09
119.1,37.29,5.14
119.2,37.29,5.07
119.3,37.29,4.94
119.4,37.29,4.78
119.51,37.29,4.61
119.61,37.29,4.45
119.71,37.29,4.33
119.81,37.29,4.24
119.91,37.29,4.19
120.01,37.29,4.16
120.11,37.29,4.15
120.21,37.29,4.16
120.31,37.29,4.19
120.41,37.29,4.21
120.51,37.29,4.24
120.61,37.29,4.27
120.71,37.29,4.31
120.81,37.29,4.34
120.91,37.29,4.39
121.01,37.29,4.44
121.11,37.29,4.49
121.21,37.29,4.55
121.31,37.29,4.62
121.41,37.29,4.69
121.52,37.29,4.76
121.62,37.29,4.83
121.72,37.29,4.88
121.82,37.29,4.93
121.92,37.29,4.96
122.02,37.29,4.97
122.12,37.29,4.96
122.22,37.29,4.92
122.32,37.29,4.87
122.42,37.29,4.81
114.48,37.37,3.98
114.58,37.37,3.97
114.68,37.37,3.94
114.78,37.37,3.9
114.88,37.37,3.85
114.98,37.37,3.77
115.08,37.37,3.66
115.18,37.37,3.52
115.28,37.37,3.35
115.38,37.37,3.15
115.49,37.37,2.93
115.59,37.37,2.69
115.69,37.37,2.45
115.79,37.37,2.24
115.89,37.37,2.07
115.99,37.37,1.97
116.09,37.37,1.96
116.19,37.37,2.04
116.29,37.37,2.21
116.39,37.37,2.47
116.49,37.37,2.78
116.59,37.37,3.09
116.69,37.37,3.37
116.79,37.37,3.55
116.89,37.37,3.59
116.99,37.37,3.47
117.09,37.37,3.16
117.19,37.37,2.67
117.29,37.37,2.04
117.39,37.37,1.31
117.5,37.37,0.58
117.6,37.37,-0.09
117.7,37.37,-0.62
117.8,37.37,-0.94
117.9,37.37,-1.0
118.0,37.37,-0.8
118.1,37.37,-0.34
118.2,37.37,0.34
118.3,37.37,1.16
118.4,37.37,2.05
118.5,37.37,2.93
118.6,37.37,3.74
118.7,37.37,4.42
118.8,37.37,4.92
118.9,37.37,5.25
119.0,37.37,5.41
119.1,37.37,5.43
119.2,37.37,5.33
119.3,37.37,5.17
119.4,37.37,4.97
119.51,37.37,4.77
119.61,37.37,4.58
119.71,37.37,4.43
119.81,37.37,4.31
119.91,37.37,4.23
120.01,37.37,4.18
120.11,37.37,4.16
120.21,37.37,4.16
120.31,37.37,4.17
120.41,37.37,4.19
120.51,37.37,4.21
120.61,37.37,4.25
120.71,37.37,4.28
120.81,37.37,4.32
120.91,37.37,4.37
121.01,37.37,4.43
121.11,37.37,4.49
121.21,37.37,4.56
121.31,37.37,4.63
121.41,37.37,4.71
121.52,37.37,4.78
121.62,37.37,4.85
121.72,37.37,4.91
121.82,37.37,4.96
121.92,37.37,4.99
122.02,37.37,5.0
122.12,37.37,4.99
122.22,37.37,4.96
122.32,37.37,4.91
122.42,37.37,4.84
114.48,37.45,3.98
114.58,37.45,3.96
114.68,37.45,3.93
114.78,37.45,3.89
114.88,37.45,3.83
114.98,37.45,3.74
115.08,37.45,3.63
115.18,37.45,3.48
115.28,37.45,3.3
115.38,37.45,3.09
115.49,37.45,2.86
115.59,37.45,2.61
115.69,37.45,2.36
115.79,37.45,2.14
115.89,37.45,1.96
115.99,37.45,1.84
116.09,37.45,1.81
116.19,37.45,1.87
116.29,37.45,2.02
116.39,37.45,2.24
116.49,37.45,2.52
116.59,37.45,2.8
116.69,37.45,3.05
116.79,37.45,3.21
116.89,37.45,3.25
116.99,37.45,3.13
117.09,37.45,2.83
117.19,37.45,2.38
117.29,37.45,1.79
117.39,37.45,1.13
117.5,37.45,0.46
117.6,37.45,-0.14
117.7,37.45,-0.59
117.8,37.45,-0.84
117.9,37.45,-0.84
118.0,37.45,-0.57
118.1,37.45,-0.07
118.2,37.45,0.64
118.3,37.45,1.48
118.4,37.45,2.39
118.5,37.45,3.28
118.6,37.45,4.08
118.7,37.45,4.75
118.8,37.45,5.24
118.9,37.45,5.55
119.0,37.45,5.69
119.1,37.45,5.68
119.2,37.45,5.56
119.3,37.45,5.36
119.4,37.45,5.14
119.51,37.45,4.9
119.61,37.45,4.69
119.71,37.45,4.51
119.81,37.45,4.37
119.91,37.45,4.27
120.01,37.45,4.2
120.11,37.45,4.17
120.21,37.45,4.15
120.31,37.45,4.16
120.41,37.45,4.17
120.51,37.45,4.19
120.61,37.45,4.22
120.71,37.45,4.26
120.81,37.45,4.31
120.91,37.45,4.36
121.01,37.45,4.42
121.11,37.45,4.48
121.21,37.45,4.55
121.31,37.45,4.63
121.41,37.45,4.71
121.52,37.45,4.79
121.62,37.45,4.87
121.72,37.45,4.93
121.82,37.45,4.98
121.92,37.45,5.01
122.02,37.45,5.02
122.12,37.45,5.01
122.22,37.45,4.98
122.32,37.45,4.92
122.42,37.45,4.85
114.48,37.53,3.97
114.58,37.53,3.95
114.68,37.53,3.92
114.78,37.53,3.87
114.88,37.53,3.81
114.98,37.53,3.72
115.08,37.53,3.6
115.18,37.53,3.45
115.28,37.53,3.27
115.38,37.53,3.05
115.49,37.53,2.81
115.59,37.53,2.56
115.69,37.53,2.31
115.79,37.53,2.08
115.89,37.53,1.88
115.99,37.53,1.76
116.09,37.53,1.7
116.19,37.53,1.74
116.29,37.53,1.86
116.39,37.53,2.05
116.49,37.53,2.3
116.59,37.53,2.55
116.69,37.53,2.77
116.79,37.53,2.91
116.89,37.53,2.94
116.99,37.53,2.83
117.09,37.53,2.55
117.19,37.53,2.14
117.29,37.53,1.6
117.39,37.53,1.01
117.5,37.53,0.41
117.6,37.53,-0.11
117.7,37.53,-0.49
117.8,37.53,-0.67
117.9,37.53,-0.61
118.0,37.53,-0.3
118.1,37.53,0.24
118.2,37.53,0.97
118.3,37.53,1.83
118.4,37.53,2.73
118.5,37.53,3.61
118.6,37.53,4.4
118.7,37.53,5.04
118.8,37.53,5.51
118.9,37.53,5.79
119.0,37.53,5.9
119.1,37.53,5.87
119.2,37.53,5.73
119.3,37.53,5.51
119.4,37.53,5.26
119.51,37.53,5.01
119.61,37.53,4.78
119.71,37.53,4.58
119.81,37.53,4.42
119.91,37.53,4.3
120.01,37.53,4.22
120.11,37.53,4.18
120.21,37.53,4.15
120.31,37.53,4.15
120.41,37.53,4.16
120.51,37.53,4.18
120.61,37.53,4.21
120.71,37.53,4.24
120.81,37.53,4.29
120.91,37.53,4.34
121.01,37.53,4.4
121.11,37.53,4.47
121.21,37.53,4.55
121.31,37.53,4.63
121.41,37.53,4.71
121.52,37.53,4.79
121.62,37.53,4.87
121.72,37.53,4.93
121.82,37.53,4.98
121.92,37.53,5.02
122.02,37.53,5.03
122.12,37.53,5.02
122.22,37.53,4.98
122.32,37.53,4.93
122.42,37.53,4.86
114.48,37.61,3.97
114.58,37.61,3.95
114.68,37.61,3.91
114.78,37.61,3.87
114.88,37.61,3.8
114.98,37.61,3.71
115.08,37.61,3.59
115.18,37.61,3.44
115.28,37.61,3.25
115.38,37.61,3.04
115.49,37.61,2.8
115.59,37.61,2.54
115.69,37.61,2.29
115.79,37.61,2.05
115.89,37.61,1.86
115.99,37.61,1.72
116.09,37.61,1.65
116.19,37.61,1.66
116.29,37.61,1.76
116.39,37.61,1.92
116.49,37.61,2.13
116.59,37.61,2.35
116.69,37.61,2.54
116.79,37.61,2.67
116.89,37.61,2.69
116.99,37.61,2.58
117.09,37.61,2.33
117.19,37.61,1.96
117.29,37.61,1.48
117.39,37.61,0.95
117.5,37.61,0.43
117.6,37.61,-0.01
117.7,37.61,-0.32
117.8,37.61,-0.43
117.9,37.61,-0.32
118.0,37.61,0.03
118.1,37.61,0.59
118.2,37.61,1.32
118.3,37.61,2.17
118.4,37.61,3.05
118.5,37.61,3.91
118.6,37.61,4.66
118.7,37.61,5.28
118.8,37.61,5.71
118.9,37.61,5.97
119.0,37.61,6.06
119.1,37.61,6.01
119.2,37.61,5.85
119.3,37.61,5.62
119.4,37.61,5.35
119.51,37.61,5.09
119.61,37.61,4.84
119.71,37.61,4.63
119.81,37.61,4.46
119.91,37.61,4.33
120.01,37.61,4.24
120.11,37.61,4.18
120.21,37.61,4.15
120.31,37.61,4.14
120.41,37.61,4.15
120.51,37.61,4.16
120.61,37.61,4.19
120.71,37.61,4.23
120.81,37.61,4.27
120.91,37.61,4.33
121.01,37.61,4.39
121.11,37.61,4.46
121.21,37.61,4.53
121.31,37.61,4.61
121.41,37.61,4.7
121.52,37.61,4.78
121.62,37.61,4.85
121.72,37.61,4.92
121.82,37.61,4.97
121.92,37.61,5.0
122.02,37.61,5.01
122.12,37.61,5.0
122.22,37.61,4.97
122.32,37.61,4.92
122.42,37.61,4.85
114.48,37.69,3.97
114.58,37.69,3.94
114.68,37.69,3.91
114.78,37.69,3.86
114.88,37.69,3.8
114.98,37.69,3.71
115.08,37.69,3.59
115.18,37.69,3.44
115.28,37.69,3.26
115.38,37.69,3.05
115.49,37.69,2.81
115.59,37.69,2.56
115.69,37.69,2.31
115.79,37.69,2.07
115.89,37.69,1.87
115.99,37.69,1.73
116.09,37.69,1.65
116.19,37.69,1.64
116.29,37.69,1.71
116.39,37.69,1.84
116.49,37.69,2.02
116.59,37.69,2.21
116.69,37.69,2.37
116.79,37.69,2.48
116.89,37.69,2.5
116.99,37.69,2.4
117.09,37.69,2.18
117.19,37.69,1.85
117.29,37.69,1.44
117.39,37.69,0.98
117.5,37.69,0.53
117.6,37.69,0.16
117.7,37.69,-0.08
117.8,37.69,-0.13
117.9,37.69,0.02
118.0,37.69,0.39
118.1,37.69,0.96
118.2,37.69,1.68
118.3,37.69,2.5
118.4,37.69,3.35
118.5,37.69,4.17
118.6,37.69,4.88
118.7,37.69,5.46
118.8,37.69,5.86
118.9,37.69,6.09
119.0,37.69,6.16
119.1,37.69,6.08
119.2,37.69,5.91
119.3,37.69,5.67
119.4,37.69,5.4
119.51,37.69,5.13
119.61,37.69,4.88
119.71,37.69,4.66
119.81,37.69,4.48
119.91,37.69,4.35
120.01,37.69,4.25
120.11,37.69,4.19
120.21,37.69,4.15
120.31,37.69,4.13
120.41,37.69,4.14
120.51,37.69,4.15
120.61,37.69,4.18
120.71,37.69,4.21
120.81,37.69,4.26
120.91,37.69,4.31
121.01,37.69,4.37
121.11,37.69,4.44
121.21,37.69,4.51
121.31,37.69,4.59
121.41,37.69,4.68
121.52,37.69,4.76
121.62,37.69,4.83
121.72,37.69,4.89
121.82,37.69,4.94
121.92,37.69,4.97
122.02,37.69,4.99
122.12,37.69,4.98
122.22,37.69,4.94
122.32,37.69,4.89
122.42,37.69,4.83
114.48,37.77,3.97
114.58,37.77,3.94
114.68,37.77,3.91
114.78,37.77,3.86
114.88,37.77,3.8
114.98,37.77,3.71
115.08,37.77,3.6
115.18,37.77,3.45
115.28,37.77,3.28
115.38,37.77,3.07
115.49,37.77,2.85
115.59,37.77,2.61
115.69,37.77,2.36
115.79,37.77,2.13
115.89,37.77,1.93
115.99,37.77,1.78
116.09,37.77,1.69
116.19,37.77,1.67
116.29,37.77,1.72
116.39,37.77,1.82
116.49,37.77,1.97
116.59,37.77,2.13
116.69,37.77,2.27
116.79,37.77,2.37
116.89,37.77,2.38
116.99,37.77,2.3
117.09,37.77,2.11
117.19,37.77,1.82
117.29,37.77,1.46
117.39,37.77,1.07
117.5,37.77,0.69
117.6,37.77,0.39
117.7,37.77,0.22
117.8,37.77,0.21
117.9,37.77,0.39
118.0,37.77,0.78
118.1,37.77,1.34
118.2,37.77,2.03
118.3,37.77,2.82
118.4,37.77,3.62
118.5,37.77,4.38
118.6,37.77,5.05
118.7,37.77,5.58
118.8,37.77,5.94
118.9,37.77,6.14
119.0,37.77,6.19
119.1,37.77,6.1
119.2,37.77,5.92
119.3,37.77,5.68
119.4,37.77,5.41
119.51,37.77,5.14
119.61,37.77,4.89
119.71,37.77,4.67
119.81,37.77,4.49
119.91,37.77,4.35
120.01,37.77,4.25
120.11,37.77,4.19
120.21,37.77,4.15
120.31,37.77,4.13
120.41,37.77,4.13
120.51,37.77,4.14
120.61,37.77,4.16
120.71,37.77,4.2
120.81,37.77,4.24
120.91,37.77,4.29
121.01,37.77,4.35
121.11,37.77,4.42
121.21,37.77,4.49
121.31,37.77,4.57
121.41,37.77,4.64
121.52,37.77,4.72
121.62,37.77,4.79
121.72,37.77,4.85
121.82,37.77,4.9
121.92,37.77,4.93
122.02,37.77,4.94
122.12,37.77,4.93
122.22,37.77,4.9
122.32,37.77,4.85
122.42,37.77,4.79
114.48,37.85,3.97
114.58,37.85,3.95
114.68,37.85,3.91
114.78,37.85,3.87
114.88,37.85,3.81
114.98,37.85,3.72
115.08,37.85,3.61
115.18,37.85,3.48
115.28,37.85,3.31
115.38,37.85,3.12
115.49,37.85,2.91
115.59,37.85,2.68
115.69,37.85,2.45
115.79,37.85,2.23
115.89,37.85,2.03
115.99,37.85,1.88
116.09,37.85,1.79
116.19,37.85,1.75
116.29,37.85,1.78
116.39,37.85,1.86
116.49,37.85,1.98
116.59,37.85,2.12
116.69,37.85,2.24
116.79,37.85,2.32
116.89,37.85,2.33
116.99,37.85,2.26
117.09,37.85,2.1
117.19,37.85,1.85
117.29,37.85,1.55
117.39,37.85,1.22
117.5,37.85,0.91
117.6,37.85,0.67
117.7,37.85,0.55
117.8,37.85,0.58
117.9,37.85,0.79
118.0,37.85,1.17
118.1,37.85,1.71
118.2,37.85,2.37
118.3,37.85,3.1
118.4,37.85,3.85
118.5,37.85,4.55
118.6,37.85,5.16
118.7,37.85,5.64
118.8,37.85,5.96
118.9,37.85,6.13
119.0,37.85,6.16
119.1,37.85,6.06
119.2,37.85,5.88
119.3,37.85,5.64
119.4,37.85,5.38
119.51,37.85,5.11
119.61,37.85,4.87
119.71,37.85,4.66
119.81,37.85,4.48
119.91,37.85,4.35
120.01,37.85,4.25
120.11,37.85,4.18
120.21,37.85,4.14
120.31,37.85,4.12
120.41,37.85,4.12
120.51,37.85,4.13
120.61,37.85,4.15
120.71,37.85,4.18
120.81,37.85,4.22
120.91,37.85,4.27
121.01,37.85,4.32
121.11,37.85,4.39
121.21,37.85,4.46
121.31,37.85,4.53
121.41,37.85,4.6
121.52,37.85,4.68
121.62,37.85,4.75
121.72,37.85,4.8
121.82,37.85,4.85
121.92,37.85,4.88
122.02,37.85,4.89
122.12,37.85,4.88
122.22,37.85,4.85
122.32,37.85,4.8
122.42,37.85,4.74
114.48,37.93,3.97
114.58,37.93,3.95
114.68,37.93,3.92
114.78,37.93,3.88
114.88,37.93,3.82
114.98,37.93,3.74
115.08,37.93,3.64
115.18,37.93,3.51
115.28,37.93,3.36
115.38,37.93,3.18
115.49,37.93,2.98
115.59,37.93,2.77
115.69,37.93,2.55
115.79,37.93,2.35
115.89,37.93,2.16
115.99,37.93,2.02
116.09,37.93,1.92
116.19,37.93,1.88
116.29,37.93,1.89
116.39,37.93,1.95
116.49,37.93,2.05
116.59,37.93,2.16
116.69,37.93,2.26
116.79,37.93,2.33
116.89,37.93,2.34
116.99,37.93,2.28
117.09,37.93,2.15
117.19,37.93,1.94
117.29,37.93,1.69
117.39,37.93,1.42
117.5,37.93,1.17
117.6,37.93,0.99
117.7,37.93,0.91
117.8,37.93,0.97
117.9,37.93,1.19
118.0,37.93,1.56
118.1,37.93,2.07
118.2,37.93,2.68
118.3,37.93,3.36
118.4,37.93,4.04
118.5,37.93,4.67
118.6,37.93,5.22
118.7,37.93,5.64
118.8,37.93,5.93
118.9,37.93,6.07
119.0,37.93,6.08
119.1,37.93,5.98
119.2,37.93,5.8
119.3,37.93,5.57
119.4,37.93,5.32
119.51,37.93,5.07
119.61,37.93,4.83
119.71,37.93,4.63
119.81,37.93,4.47
119.91,37.93,4.34
120.01,37.93,4.24
120.11,37.93,4.18
120.21,37.93,4.13
120.31,37.93,4.11
120.41,37.93,4.11
120.51,37.93,4.12
120.61,37.93,4.14
120.71,37.93,4.16
120.81,37.93,4.2
120.91,37.93,4.25
121.01,37.93,4.3
121.11,37.93,4.36
121.21,37.93,4.42
121.31,37.93,4.49
121.41,37.93,4.56
121.52,37.93,4.63
121.62,37.93,4.69
121.72,37.93,4.74
121.82,37.93,4.79
121.92,37.93,4.81
122.02,37.93,4.82
122.12,37.93,4.81
122.22,37.93,4.79
122.32,37.93,4.75
122.42,37.93,4.69
114.48,38.01,3.97
114.58,38.01,3.95
114.68,38.01,3.92
114.78,38.01,3.89
114.88,38.01,3.83
114.98,38.01,3.76
115.08,38.01,3.67
115.18,38.01,3.55
115.28,38.01,3.41
115.38,38.01,3.25
115.49,38.01,3.07
115.59,38.01,2.87
115.69,38.01,2.68
115.79,38.01,2.49
115.89,38.01,2.32
115.99,38.01,2.18
116.09,38.01,2.08
116.19,38.01,2.04
116.29,38.01,2.04
116.39,38.01,2.08
116.49,38.01,2.16
116.59,38.01,2.25
116.69,38.01,2.33
116.79,38.01,2.39
116.89,38.01,2.4
116.99,38.01,2.36
117.09,38.01,2.25
117.19,38.01,2.08
117.29,38.01,1.87
117.39,38.01,1.66
117.5,38.01,1.46
117.6,38.01,1.33
117.7,38.01,1.29
117.8,38.01,1.37
117.9,38.01,1.58
118.0,38.01,1.93
118.1,38.01,2.4
118.2,38.01,2.96
118.3,38.01,3.57
118.4,38.01,4.18
118.5,38.01,4.75
118.6,38.01,5.23
118.7,38.01,5.6
118.8,38.01,5.84
118.9,38.01,5.96
119.0,38.01,5.96
119.1,38.01,5.86
119.2,38.01,5.68
119.3,38.01,5.47
119.4,38.01,5.23
119.51,38.01,5.0
119.61,38.01,4.78
119.71,38.01,4.59
119.81,38.01,4.44
119.91,38.01,4.32
120.01,38.01,4.23
120.11,38.01,4.17
120.21,38.01,4.13
120.31,38.01,4.11
120.41,38.01,4.1
120.51,38.01,4.11
120.61,38.01,4.12
120.71,38.01,4.15
120.81,38.01,4.18
120.91,38.01,4.22
121.01,38.01,4.27
121.11,38.01,4.32
121.21,38.01,4.38
121.31,38.01,4.45
121.41,38.01,4.51
121.52,38.01,4.57
121.62,38.01,4.63
121.72,38.01,4.68
121.82,38.01,4.72
121.92,38.01,4.74
122.02,38.01,4.75
122.12,38.01,4.74
122.22,38.01,4.72
122.32,38.01,4.68
122.42,38.01,4.63
114.48,38.09,3.97
114.58,38.09,3.96
114.68,38.09,3.93
114.78,38.09,3.9
114.88,38.09,3.85
114.98,38.09,3.79
115.08,38.09,3.7
115.18,38.09,3.6
115.28,38.09,3.47
115.38,38.09,3.33
115.49,38.09,3.17
115.59,38.09,2.99
115.69,38.09,2.81
115.79,38.09,2.64
115.89,38.09,2.49
115.99,38.09,2.36
116.09,38.09,2.27
116.19,38.09,2.22
116.29,38.09,2.21
116.39,38.09,2.24
116.49,38.09,2.3
116.59,38.09,2.38
116.69,38.09,2.45
116.79,38.09,2.5
116.89,38.09,2.51
116.99,38.09,2.47
117.09,38.09,2.39
117.19,38.09,2.25
117.29,38.09,2.09
117.39,38.09,1.92
117.5,38.09,1.77
117.6,38.09,1.67
117.7,38.09,1.66
117.8,38.09,1.75
117.9,38.09,1.96
118.0,38.09,2.28
118.1,38.09,2.71
118.2,38.09,3.21
118.3,38.09,3.75
118.4,38.09,4.28
118.5,38.09,4.78
118.6,38.09,5.2
118.7,38.09,5.52
118.8,38.09,5.72
118.9,38.09,5.82
119.0,38.09,5.8
119.1,38.09,5.7
119.2,38.09,5.54
119.3,38.09,5.34
119.4,38.09,5.13
119.51,38.09,4.91
119.61,38.09,4.72
119.71,38.09,4.54
119.81,38.09,4.4
119.91,38.09,4.29
120.01,38.09,4.21
120.11,38.09,4.15
120.21,38.09,4.12
120.31,38.09,4.1
120.41,38.09,4.09
120.51,38.09,4.09
120.61,38.09,4.11
120.71,38.09,4.13
120.81,38.09,4.16
120.91,38.09,4.2
121.01,38.09,4.24
121.11,38.09,4.29
121.21,38.09,4.34
121.31,38.09,4.4
121.41,38.09,4.46
121.52,38.09,4.51
121.62,38.09,4.56
121.72,38.09,4.61
121.82,38.09,4.64
121.92,38.09,4.66
122.02,38.09,4.67
122.12,38.09,4.67
122.22,38.09,4.64
122.32,38.09,4.61
122.42,38.09,4.56
114.48,38.17,3.98
114.58,38.17,3.96
114.68,38.17,3.94
114.78,38.17,3.91
114.88,38.17,3.87
114.98,38.17,3.81
115.08,38.17,3.74
115.18,38.17,3.65
115.28,38.17,3.54
115.38,38.17,3.41
115.49,38.17,3.27
115.59,38.17,3.11
115.69,38.17,2.96
115.79,38.17,2.8
115.89,38.17,2.66
115.99,38.17,2.55
116.09,38.17,2.47
116.19,38.17,2.42
116.29,38.17,2.41
116.39,38.17,2.43
116.49,38.17,2.47
116.59,38.17,2.53
116.69,38.17,2.59
116.79,38.17,2.63
116.89,38.17,2.64
116.99,38.17,2.62
117.09,38.17,2.55
117.19,38.17,2.44
117.29,38.17,2.32
117.39,38.17,2.18
117.5,38.17,2.07
117.6,38.17,2.01
117.7,38.17,2.01
117.8,38.17,2.11
117.9,38.17,2.3
118.0,38.17,2.6
118.1,38.17,2.98
118.2,38.17,3.42
118.3,38.17,3.89
118.4,38.17,4.35
118.5,38.17,4.78
118.6,38.17,5.14
118.7,38.17,5.41
118.8,38.17,5.58
118.9,38.17,5.65
119.0,38.17,5.63
119.1,38.17,5.53
119.2,38.17,5.38
119.3,38.17,5.2
119.4,38.17,5.01
119.51,38.17,4.82
119.61,38.17,4.64
119.71,38.17,4.49
119.81,38.17,4.36
119.91,38.17,4.26
120.01,38.17,4.19
120.11,38.17,4.14
120.21,38.17,4.1
120.31,38.17,4.09
120.41,38.17,4.08
120.51,38.17,4.08
120.61,38.17,4.1
120.71,38.17,4.12
120.81,38.17,4.14
120.91,38.17,4.17
121.01,38.17,4.21
121.11,38.17,4.26
121.21,38.17,4.3
121.31,38.17,4.35
121.41,38.17,4.4
121.52,38.17,4.45
121.62,38.17,4.5
121.72,38.17,4.54
121.82,38.17,4.57
121.92,38.17,4.59
122.02,38.17,4.59
122.12,38.17,4.59
122.22,38.17,4.57
122.32,38.17,4.54
122.42,38.17,4.5
